{
  "0": {
    "loss": 1.8539832280447108,
    "accuracy": 0.16393442622950818,
    "precision": 0.05242214060480866,
    "recall": 0.16393442622950818,
    "f1-score": 0.0784705565266665,
    "auc": 0.4564447587911321
  },
  "1": {
    "loss": 1.147364867375662,
    "accuracy": 0.4677985948477752,
    "precision": 0.7922279442196881,
    "recall": 0.4677985948477752,
    "f1-score": 0.5260017331536762,
    "auc": 0.7565523651724682
  }
}