round,accuracy,auc,f1-score,loss,precision,recall
0,0.16393442622950818,0.4564447587911321,0.0784705565266665,1.8539832280447108,0.05242214060480866,0.16393442622950818
1,0.4677985948477752,0.7565523651724682,0.5260017331536762,1.147364867375662,0.7922279442196881,0.4677985948477752
