{
  "1": {
    "loss": 1.0554606914520264,
    "f1-score": 0.530147712453271,
    "recall": 0.5048543689320388,
    "precision": 0.8903021234723206,
    "auc": 0.8961315374602828,
    "accuracy": 0.5048543689320388
  }
}