round,accuracy,auc,f1-score,loss,precision,recall
1,0.5048543689320388,0.8961315374602828,0.530147712453271,1.0554606914520264,0.8903021234723206,0.5048543689320388
