loss,accuracy,precision,recall,f1-score,auc
1.205147522673953,0.4677985948477752,0.7922279442196881,0.4677985948477752,0.5260017331536762,0.7565523651724682
