{
  "0": {
    "loss": 1.494849490896042,
    "accuracy": 0.19320843091334894,
    "precision": 0.6882403209613518,
    "recall": 0.19320843091334894,
    "f1-score": 0.20127715717141453,
    "auc": 0.5492642391926046
  },
  "1": {
    "loss": 0.9216328235364909,
    "accuracy": 0.7745901639344263,
    "precision": 0.7464956843414478,
    "recall": 0.7745901639344263,
    "f1-score": 0.7531826027009083,
    "auc": 0.8443320468766197
  },
  "2": {
    "loss": 0.7264512900167104,
    "accuracy": 0.7704918032786885,
    "precision": 0.833107470644117,
    "recall": 0.7704918032786885,
    "f1-score": 0.762435692412779,
    "auc": 0.8964432950174083
  },
  "3": {
    "loss": 0.710599601966715,
    "accuracy": 0.7710772833723654,
    "precision": 0.7972576955499783,
    "recall": 0.7710772833723654,
    "f1-score": 0.7739119330819314,
    "auc": 0.8930883105561991
  },
  "4": {
    "loss": 0.7384332800916542,
    "accuracy": 0.8021077283372365,
    "precision": 0.8471807521413898,
    "recall": 0.8021077283372365,
    "f1-score": 0.8116258293802722,
    "auc": 0.9062806652002521
  },
  "5": {
    "loss": 0.6184537911861786,
    "accuracy": 0.8038641686182669,
    "precision": 0.8313612637392203,
    "recall": 0.8038641686182669,
    "f1-score": 0.8107285305691883,
    "auc": 0.917479827590476
  },
  "6": {
    "loss": 0.6683557201046016,
    "accuracy": 0.7980093676814989,
    "precision": 0.8366262118259262,
    "recall": 0.7980093676814989,
    "f1-score": 0.7996136178334101,
    "auc": 0.90858554631107
  },
  "7": {
    "loss": 0.7397813414522301,
    "accuracy": 0.8126463700234192,
    "precision": 0.8662182479910654,
    "recall": 0.8126463700234192,
    "f1-score": 0.8153448005366309,
    "auc": 0.9168790212252187
  },
  "8": {
    "loss": 0.7019293742380879,
    "accuracy": 0.7898126463700235,
    "precision": 0.8305923510625027,
    "recall": 0.7898126463700235,
    "f1-score": 0.7847724943101045,
    "auc": 0.9125216101996645
  },
  "9": {
    "loss": 0.6298447111032607,
    "accuracy": 0.8179156908665105,
    "precision": 0.8401708151423718,
    "recall": 0.8179156908665105,
    "f1-score": 0.8222836571150672,
    "auc": 0.9285573042807792
  },
  "10": {
    "loss": 0.660676590662092,
    "accuracy": 0.7985948477751756,
    "precision": 0.8245693592486324,
    "recall": 0.7985948477751756,
    "f1-score": 0.8013639403962122,
    "auc": 0.9208610680401325
  },
  "11": {
    "loss": 0.7365843500130629,
    "accuracy": 0.7886416861826698,
    "precision": 0.8273377763539166,
    "recall": 0.7886416861826698,
    "f1-score": 0.7948279841252999,
    "auc": 0.912155458780811
  },
  "12": {
    "loss": 0.7686038035419562,
    "accuracy": 0.7693208430913349,
    "precision": 0.8157464132508921,
    "recall": 0.7693208430913349,
    "f1-score": 0.7842768609758702,
    "auc": 0.9164330546799294
  },
  "13": {
    "loss": 0.6912606665624668,
    "accuracy": 0.7886416861826698,
    "precision": 0.8307267302335911,
    "recall": 0.7886416861826698,
    "f1-score": 0.7983299582475135,
    "auc": 0.9270264732190754
  },
  "14": {
    "loss": 0.5461338415776817,
    "accuracy": 0.8442622950819673,
    "precision": 0.8638078372435735,
    "recall": 0.8442622950819673,
    "f1-score": 0.8412040169876646,
    "auc": 0.9380290788400071
  },
  "15": {
    "loss": 0.6578266637386706,
    "accuracy": 0.8097189695550351,
    "precision": 0.8456760820223355,
    "recall": 0.8097189695550351,
    "f1-score": 0.8115477791318433,
    "auc": 0.9243768252916815
  },
  "16": {
    "loss": 0.6619090800123416,
    "accuracy": 0.8144028103044496,
    "precision": 0.861321465374812,
    "recall": 0.8144028103044496,
    "f1-score": 0.8163755697331875,
    "auc": 0.9247227967249755
  },
  "17": {
    "loss": 0.6439245379501539,
    "accuracy": 0.8009367681498829,
    "precision": 0.8391191875208458,
    "recall": 0.8009367681498829,
    "f1-score": 0.8118676393416373,
    "auc": 0.9297403636818142
  },
  "18": {
    "loss": 0.708335748321837,
    "accuracy": 0.7991803278688525,
    "precision": 0.8147916776671418,
    "recall": 0.7991803278688525,
    "f1-score": 0.7940853924796685,
    "auc": 0.9123344521446871
  },
  "19": {
    "loss": 0.7093315667514221,
    "accuracy": 0.7874707259953162,
    "precision": 0.8286729595039934,
    "recall": 0.7874707259953162,
    "f1-score": 0.7980823653087048,
    "auc": 0.9248886782009319
  },
  "20": {
    "loss": 0.7562252800972735,
    "accuracy": 0.7822014051522248,
    "precision": 0.8259393179657558,
    "recall": 0.7822014051522248,
    "f1-score": 0.7909322056922136,
    "auc": 0.9243535416424912
  },
  "21": {
    "loss": 0.7060649200959842,
    "accuracy": 0.7997658079625293,
    "precision": 0.8251307049486023,
    "recall": 0.7997658079625293,
    "f1-score": 0.7986934979863809,
    "auc": 0.9185191711084105
  },
  "22": {
    "loss": 0.6838484107052135,
    "accuracy": 0.8085480093676815,
    "precision": 0.8440701861869171,
    "recall": 0.8085480093676815,
    "f1-score": 0.8161810539362322,
    "auc": 0.9296604062479147
  }
}