{
  "1": {
    "loss": 0.914927430523252,
    "precision": 0.9119390631291666,
    "recall": 0.8980582524271845,
    "accuracy": 0.8980582524271845,
    "f1-score": 0.8957107376705479,
    "auc": 0.9373762924929444
  },
  "2": {
    "loss": 0.5722577583442614,
    "precision": 0.9132398244958926,
    "recall": 0.883495145631068,
    "accuracy": 0.883495145631068,
    "f1-score": 0.8754424682494357,
    "auc": 0.9555020592227582
  },
  "3": {
    "loss": 0.5209306961703069,
    "precision": 0.9473436651993005,
    "recall": 0.941747572815534,
    "accuracy": 0.941747572815534,
    "f1-score": 0.9359617633461152,
    "auc": 0.9401885954821602
  },
  "4": {
    "loss": 0.4588210970452688,
    "precision": 0.9640367604898821,
    "recall": 0.9611650485436893,
    "accuracy": 0.9611650485436893,
    "f1-score": 0.9555717618476038,
    "auc": 0.9621996648782363
  },
  "5": {
    "loss": 0.46181665954080603,
    "precision": 0.956099620092866,
    "recall": 0.9514563106796117,
    "accuracy": 0.9514563106796117,
    "f1-score": 0.9460116762893913,
    "auc": 0.9617475636963694
  },
  "6": {
    "loss": 0.4754627072116704,
    "precision": 0.9419814085413813,
    "recall": 0.941747572815534,
    "accuracy": 0.941747572815534,
    "f1-score": 0.9364074257940915,
    "auc": 0.973945720147622
  },
  "7": {
    "loss": 0.4687043439994738,
    "precision": 0.9544780667564311,
    "recall": 0.9466019417475728,
    "accuracy": 0.9466019417475728,
    "f1-score": 0.94185818544337,
    "auc": 0.980730185194471
  },
  "8": {
    "loss": 0.48990069662482993,
    "precision": 0.9384188626907074,
    "recall": 0.941747572815534,
    "accuracy": 0.941747572815534,
    "f1-score": 0.9366668026433875,
    "auc": 0.9656456317170602
  },
  "9": {
    "loss": 0.4295407782480555,
    "precision": 0.9675284930350359,
    "recall": 0.9660194174757282,
    "accuracy": 0.9660194174757282,
    "f1-score": 0.960136674350703,
    "auc": 0.9732248366176938
  },
  "10": {
    "loss": 0.4625403120101077,
    "precision": 0.9589465736703287,
    "recall": 0.9563106796116505,
    "accuracy": 0.9563106796116505,
    "f1-score": 0.9504998421379309,
    "auc": 0.9576837737552023
  },
  "11": {
    "loss": 0.46489790573860834,
    "precision": 0.9589465736703287,
    "recall": 0.9563106796116505,
    "accuracy": 0.9563106796116505,
    "f1-score": 0.9504998421379309,
    "auc": 0.9639576961005533
  },
  "12": {
    "loss": 0.44003725051879883,
    "precision": 0.9721401435204726,
    "recall": 0.970873786407767,
    "accuracy": 0.970873786407767,
    "f1-score": 0.9649560795191864,
    "auc": 0.9702366327366327
  },
  "13": {
    "loss": 0.4631910532423594,
    "precision": 0.9633560473577358,
    "recall": 0.9611650485436893,
    "accuracy": 0.9611650485436893,
    "f1-score": 0.9553797335350734,
    "auc": 0.967683523040666
  },
  "14": {
    "loss": 0.44363963488236213,
    "precision": 0.9721401435204726,
    "recall": 0.970873786407767,
    "accuracy": 0.970873786407767,
    "f1-score": 0.9649560795191864,
    "auc": 0.9695791338648483
  },
  "15": {
    "loss": 0.46783118311641286,
    "precision": 0.9633560473577358,
    "recall": 0.9611650485436893,
    "accuracy": 0.9611650485436893,
    "f1-score": 0.9553797335350734,
    "auc": 0.9568886952815523
  },
  "16": {
    "loss": 0.474306813142832,
    "precision": 0.9633560473577358,
    "recall": 0.9611650485436893,
    "accuracy": 0.9611650485436893,
    "f1-score": 0.9553797335350734,
    "auc": 0.9654379565093851
  },
  "17": {
    "loss": 0.4428776126463436,
    "precision": 0.9633560473577358,
    "recall": 0.9611650485436893,
    "accuracy": 0.9611650485436893,
    "f1-score": 0.9553797335350734,
    "auc": 0.9743262046833476
  },
  "18": {
    "loss": 0.4658544205346154,
    "precision": 0.9675284930350359,
    "recall": 0.9660194174757282,
    "accuracy": 0.9660194174757282,
    "f1-score": 0.960136674350703,
    "auc": 0.9415297138511423
  },
  "19": {
    "loss": 0.4504731361148427,
    "precision": 0.9633560473577358,
    "recall": 0.9611650485436893,
    "accuracy": 0.9611650485436893,
    "f1-score": 0.9553797335350734,
    "auc": 0.9627346270203411
  },
  "20": {
    "loss": 0.4724981744312546,
    "precision": 0.956099620092866,
    "recall": 0.9514563106796117,
    "accuracy": 0.9514563106796117,
    "f1-score": 0.9460116762893913,
    "auc": 0.9488400274114559
  },
  "21": {
    "loss": 0.4662830259614778,
    "precision": 0.9633560473577358,
    "recall": 0.9611650485436893,
    "accuracy": 0.9611650485436893,
    "f1-score": 0.9553797335350734,
    "auc": 0.9413132636346924
  },
  "22": {
    "loss": 0.4374899719525309,
    "precision": 0.9633560473577358,
    "recall": 0.9611650485436893,
    "accuracy": 0.9611650485436893,
    "f1-score": 0.9553797335350734,
    "auc": 0.9744970039612899
  }
}