loss,accuracy,precision,recall,f1-score,auc
0.7398535016688585,0.8179156908665105,0.8401708151423718,0.8179156908665105,0.8222836571150672,0.9285573042807792
