{
  "1": {
    "loss": 0.8460791504498825,
    "recall": 0.912621359223301,
    "accuracy": 0.912621359223301,
    "precision": 0.9236186759190672,
    "f1-score": 0.9032846105664512,
    "auc": 0.9416320935001349
  },
  "2": {
    "loss": 0.4870312132881683,
    "recall": 0.9611650485436893,
    "accuracy": 0.9611650485436893,
    "precision": 0.9640367604898821,
    "f1-score": 0.9555717618476038,
    "auc": 0.9789554855952467
  },
  "3": {
    "loss": 0.48269447452813674,
    "recall": 0.9514563106796117,
    "accuracy": 0.9514563106796117,
    "precision": 0.9546000924641701,
    "f1-score": 0.9455772306664821,
    "auc": 0.9586879313991212
  },
  "4": {
    "loss": 0.4925635896840142,
    "recall": 0.9514563106796117,
    "accuracy": 0.9514563106796117,
    "precision": 0.949854177059749,
    "f1-score": 0.9461977322414903,
    "auc": 0.924107744416789
  },
  "5": {
    "loss": 0.4820770985871843,
    "recall": 0.9466019417475728,
    "accuracy": 0.9466019417475728,
    "precision": 0.950806960030261,
    "f1-score": 0.9407506312968,
    "auc": 0.9573104639502251
  },
  "6": {
    "loss": 0.4499030911806718,
    "recall": 0.9611650485436893,
    "accuracy": 0.9611650485436893,
    "precision": 0.9633560473577358,
    "f1-score": 0.9553797335350734,
    "auc": 0.9648324809039096
  },
  "7": {
    "loss": 0.4553604221459731,
    "recall": 0.970873786407767,
    "accuracy": 0.970873786407767,
    "precision": 0.9721401435204726,
    "f1-score": 0.9649560795191864,
    "auc": 0.951024273345702
  },
  "8": {
    "loss": 0.4512943405549503,
    "recall": 0.9660194174757282,
    "accuracy": 0.9660194174757282,
    "precision": 0.9675284930350359,
    "f1-score": 0.960136674350703,
    "auc": 0.9705504437647294
  },
  "9": {
    "loss": 0.46665608419955357,
    "recall": 0.9563106796116505,
    "accuracy": 0.9563106796116505,
    "precision": 0.9536473094936582,
    "f1-score": 0.9509625041848009,
    "auc": 0.9563088134516706
  },
  "10": {
    "loss": 0.45712629307820957,
    "recall": 0.9660194174757282,
    "accuracy": 0.9660194174757282,
    "precision": 0.9675284930350359,
    "f1-score": 0.960136674350703,
    "auc": 0.9636299913085626
  },
  "11": {
    "loss": 0.4542628789989694,
    "recall": 0.9660194174757282,
    "accuracy": 0.9660194174757282,
    "precision": 0.9675284930350359,
    "f1-score": 0.960136674350703,
    "auc": 0.9661050661050662
  },
  "12": {
    "loss": 0.439319831943049,
    "recall": 0.9611650485436893,
    "accuracy": 0.9611650485436893,
    "precision": 0.9633560473577358,
    "f1-score": 0.9553797335350734,
    "auc": 0.9606413695699411
  },
  "13": {
    "loss": 0.4242190547938486,
    "recall": 0.9660194174757282,
    "accuracy": 0.9660194174757282,
    "precision": 0.9675284930350359,
    "f1-score": 0.960136674350703,
    "auc": 0.9679105241605243
  },
  "14": {
    "loss": 0.42714624468562673,
    "recall": 0.9611650485436893,
    "accuracy": 0.9611650485436893,
    "precision": 0.9633560473577358,
    "f1-score": 0.9553797335350734,
    "auc": 0.9709545120259405
  },
  "15": {
    "loss": 0.47199607937081345,
    "recall": 0.9611650485436893,
    "accuracy": 0.9611650485436893,
    "precision": 0.9633560473577358,
    "f1-score": 0.9553797335350734,
    "auc": 0.9730569623426766
  },
  "16": {
    "loss": 0.4686490687930468,
    "recall": 0.9563106796116505,
    "accuracy": 0.9563106796116505,
    "precision": 0.9595629149238266,
    "f1-score": 0.9506746812649628,
    "auc": 0.9652134625348912
  },
  "17": {
    "loss": 0.4687719533165682,
    "recall": 0.9660194174757282,
    "accuracy": 0.9660194174757282,
    "precision": 0.9677306698330657,
    "f1-score": 0.9573096627157459,
    "auc": 0.9531439602868175
  },
  "18": {
    "loss": 0.4515387954063786,
    "recall": 0.9660194174757282,
    "accuracy": 0.9660194174757282,
    "precision": 0.9675284930350359,
    "f1-score": 0.960136674350703,
    "auc": 0.9440312181383611
  },
  "19": {
    "loss": 0.45651101400551286,
    "recall": 0.9611650485436893,
    "accuracy": 0.9611650485436893,
    "precision": 0.9633560473577358,
    "f1-score": 0.9553797335350734,
    "auc": 0.9504859683431113
  },
  "20": {
    "loss": 0.45603256231372796,
    "recall": 0.9611650485436893,
    "accuracy": 0.9611650485436893,
    "precision": 0.9633560473577358,
    "f1-score": 0.9553797335350734,
    "auc": 0.9638880183523039
  },
  "21": {
    "loss": 0.4415255119499651,
    "recall": 0.9660194174757282,
    "accuracy": 0.9660194174757282,
    "precision": 0.9675284930350359,
    "f1-score": 0.960136674350703,
    "auc": 0.9594430585502015
  },
  "22": {
    "loss": 0.4428038058929073,
    "recall": 0.9660194174757282,
    "accuracy": 0.9660194174757282,
    "precision": 0.9675284930350359,
    "f1-score": 0.960136674350703,
    "auc": 0.967760722225008
  }
}