loss,accuracy,precision,recall,f1-score,auc
0.71121597303998,0.8220140515222483,0.8574958453970896,0.8220140515222483,0.8341248298650654,0.9392460838442167
