{
  "0": {
    "loss": 1.4481848905460617,
    "accuracy": 0.2259953161592506,
    "precision": 0.6038149062918456,
    "recall": 0.2259953161592506,
    "f1-score": 0.2230420327649459,
    "auc": 0.5296299499836509
  },
  "1": {
    "loss": 0.9216765059241088,
    "accuracy": 0.8044496487119438,
    "precision": 0.7682474886768503,
    "recall": 0.8044496487119438,
    "f1-score": 0.7820939739350116,
    "auc": 0.8293283189596653
  },
  "2": {
    "loss": 0.6424683495762756,
    "accuracy": 0.8050351288056206,
    "precision": 0.8424334373722543,
    "recall": 0.8050351288056206,
    "f1-score": 0.7881158890222782,
    "auc": 0.9029579150613669
  },
  "3": {
    "loss": 0.7030099105499946,
    "accuracy": 0.7786885245901639,
    "precision": 0.8112970241081807,
    "recall": 0.7786885245901639,
    "f1-score": 0.7861342921572886,
    "auc": 0.9071499591874131
  },
  "4": {
    "loss": 0.6712480294899862,
    "accuracy": 0.7909836065573771,
    "precision": 0.844764322855899,
    "recall": 0.7909836065573771,
    "f1-score": 0.8076693531094384,
    "auc": 0.9288645946104379
  },
  "5": {
    "loss": 0.6094731536347079,
    "accuracy": 0.8167447306791569,
    "precision": 0.84662669079902,
    "recall": 0.8167447306791569,
    "f1-score": 0.822226099381593,
    "auc": 0.9179030367486631
  },
  "6": {
    "loss": 0.6142403558769047,
    "accuracy": 0.8261124121779859,
    "precision": 0.8515557494003234,
    "recall": 0.8261124121779859,
    "f1-score": 0.8234166368849738,
    "auc": 0.9089253307269808
  },
  "7": {
    "loss": 0.5668651749155281,
    "accuracy": 0.8530444964871194,
    "precision": 0.8479655100993163,
    "recall": 0.8530444964871194,
    "f1-score": 0.8409976693984402,
    "auc": 0.9034155582715835
  },
  "8": {
    "loss": 0.5824779639199411,
    "accuracy": 0.8401639344262295,
    "precision": 0.8434904691076225,
    "recall": 0.8401639344262295,
    "f1-score": 0.8359166811351342,
    "auc": 0.9209729050016602
  },
  "9": {
    "loss": 0.5832455556063239,
    "accuracy": 0.832552693208431,
    "precision": 0.842204116741404,
    "recall": 0.832552693208431,
    "f1-score": 0.8320314566377189,
    "auc": 0.9247769923429034
  },
  "10": {
    "loss": 0.5548708243448226,
    "accuracy": 0.8542154566744731,
    "precision": 0.8637276736804719,
    "recall": 0.8542154566744731,
    "f1-score": 0.8513162956553367,
    "auc": 0.9337166791487913
  },
  "11": {
    "loss": 0.5546978920070014,
    "accuracy": 0.8530444964871194,
    "precision": 0.8515693516781095,
    "recall": 0.8530444964871194,
    "f1-score": 0.8448782595590109,
    "auc": 0.9368738524222563
  },
  "12": {
    "loss": 0.6303731797729778,
    "accuracy": 0.8284543325526932,
    "precision": 0.8247668173168983,
    "recall": 0.8284543325526932,
    "f1-score": 0.8106500637660056,
    "auc": 0.9212083570937835
  },
  "13": {
    "loss": 0.6692004048852228,
    "accuracy": 0.8155737704918032,
    "precision": 0.8399360666265506,
    "recall": 0.8155737704918032,
    "f1-score": 0.8120727601095808,
    "auc": 0.9230581895592325
  },
  "14": {
    "loss": 0.6713605982358338,
    "accuracy": 0.7962529274004684,
    "precision": 0.8346153482839931,
    "recall": 0.7962529274004684,
    "f1-score": 0.803644958457276,
    "auc": 0.9217596526235997
  },
  "15": {
    "loss": 0.5960025744080822,
    "accuracy": 0.8401639344262295,
    "precision": 0.8439130715024401,
    "recall": 0.8401639344262295,
    "f1-score": 0.8297714795892284,
    "auc": 0.925238847409452
  },
  "16": {
    "loss": 0.5785263599500723,
    "accuracy": 0.8471896955503513,
    "precision": 0.8484834003240787,
    "recall": 0.8471896955503513,
    "f1-score": 0.8385694884884867,
    "auc": 0.9256534919248778
  },
  "17": {
    "loss": 0.620476374476799,
    "accuracy": 0.8091334894613583,
    "precision": 0.8434731083269504,
    "recall": 0.8091334894613583,
    "f1-score": 0.8193263285734229,
    "auc": 0.9309185611163847
  },
  "18": {
    "loss": 0.6098157234437572,
    "accuracy": 0.8331381733021077,
    "precision": 0.8500939454385036,
    "recall": 0.8331381733021077,
    "f1-score": 0.8338667731552079,
    "auc": 0.9276370091469894
  },
  "19": {
    "loss": 0.6297111118984445,
    "accuracy": 0.8179156908665105,
    "precision": 0.8427945943095322,
    "recall": 0.8179156908665105,
    "f1-score": 0.8158330328493367,
    "auc": 0.9344660317685473
  },
  "20": {
    "loss": 0.6244614481646785,
    "accuracy": 0.819672131147541,
    "precision": 0.8433186293917775,
    "recall": 0.819672131147541,
    "f1-score": 0.8252368997547768,
    "auc": 0.9318355285881883
  },
  "21": {
    "loss": 0.585481586375337,
    "accuracy": 0.8395784543325527,
    "precision": 0.8504728538997641,
    "recall": 0.8395784543325527,
    "f1-score": 0.8396741894940475,
    "auc": 0.9332485632517147
  }
}