{
  "1": {
    "loss": 0.9096761253273603,
    "recall": 0.9320388349514563,
    "accuracy": 0.9320388349514563,
    "precision": 0.933252427184466,
    "f1-score": 0.9283510197937834,
    "auc": 0.950817433853148
  },
  "2": {
    "loss": 0.4865792133275745,
    "recall": 0.9611650485436893,
    "accuracy": 0.9611650485436893,
    "precision": 0.9640367604898821,
    "f1-score": 0.9555717618476038,
    "auc": 0.9709587698392431
  },
  "3": {
    "loss": 0.4691752820339018,
    "recall": 0.9514563106796117,
    "accuracy": 0.9514563106796117,
    "precision": 0.956099620092866,
    "f1-score": 0.9460116762893913,
    "auc": 0.9574039136539135
  },
  "4": {
    "loss": 0.47245149936490843,
    "recall": 0.9320388349514563,
    "accuracy": 0.9320388349514563,
    "precision": 0.949349140392682,
    "f1-score": 0.930767883881563,
    "auc": 0.9739110505834303
  },
  "5": {
    "loss": 0.46389864457463753,
    "recall": 0.9563106796116505,
    "accuracy": 0.9563106796116505,
    "precision": 0.9595629149238266,
    "f1-score": 0.9506746812649628,
    "auc": 0.957973394970299
  },
  "6": {
    "loss": 0.47023635061041824,
    "recall": 0.9563106796116505,
    "accuracy": 0.9563106796116505,
    "precision": 0.9605734656589217,
    "f1-score": 0.9509684765452324,
    "auc": 0.9523006192649048
  },
  "7": {
    "loss": 0.45269238485873325,
    "recall": 0.9660194174757282,
    "accuracy": 0.9660194174757282,
    "precision": 0.962431405656395,
    "f1-score": 0.9606523399149122,
    "auc": 0.9532136380350664
  },
  "8": {
    "loss": 0.44660364684549353,
    "recall": 0.9660194174757282,
    "accuracy": 0.9660194174757282,
    "precision": 0.9675284930350359,
    "f1-score": 0.960136674350703,
    "auc": 0.96373361998362
  },
  "9": {
    "loss": 0.4461402129201056,
    "recall": 0.9660194174757282,
    "accuracy": 0.9660194174757282,
    "precision": 0.9675284930350359,
    "f1-score": 0.960136674350703,
    "auc": 0.9569654766083335
  },
  "10": {
    "loss": 0.44837449997374157,
    "recall": 0.9660194174757282,
    "accuracy": 0.9660194174757282,
    "precision": 0.9675284930350359,
    "f1-score": 0.960136674350703,
    "auc": 0.9642136338564912
  },
  "11": {
    "loss": 0.45216724074002607,
    "recall": 0.970873786407767,
    "accuracy": 0.970873786407767,
    "precision": 0.9721401435204726,
    "f1-score": 0.9649560795191864,
    "auc": 0.9800957729529158
  },
  "12": {
    "loss": 0.4730127204969091,
    "recall": 0.9660194174757282,
    "accuracy": 0.9660194174757282,
    "precision": 0.9675284930350359,
    "f1-score": 0.960136674350703,
    "auc": 0.9673604146818432
  },
  "13": {
    "loss": 0.48060552645655513,
    "recall": 0.9514563106796117,
    "accuracy": 0.9514563106796117,
    "precision": 0.956099620092866,
    "f1-score": 0.9460116762893913,
    "auc": 0.9589777741563458
  },
  "14": {
    "loss": 0.4670487636501349,
    "recall": 0.9611650485436893,
    "accuracy": 0.9611650485436893,
    "precision": 0.9633560473577358,
    "f1-score": 0.9553797335350734,
    "auc": 0.9676360962075248
  },
  "15": {
    "loss": 0.4589406084088446,
    "recall": 0.9660194174757282,
    "accuracy": 0.9660194174757282,
    "precision": 0.9675284930350359,
    "f1-score": 0.960136674350703,
    "auc": 0.9694877275234418
  },
  "16": {
    "loss": 0.4490814599597338,
    "recall": 0.9660194174757282,
    "accuracy": 0.9660194174757282,
    "precision": 0.9675284930350359,
    "f1-score": 0.960136674350703,
    "auc": 0.967701177522606
  },
  "17": {
    "loss": 0.4288831732226807,
    "recall": 0.970873786407767,
    "accuracy": 0.970873786407767,
    "precision": 0.9721401435204726,
    "f1-score": 0.9649560795191864,
    "auc": 0.9695250213107357
  },
  "18": {
    "loss": 0.44452240686972166,
    "recall": 0.970873786407767,
    "accuracy": 0.970873786407767,
    "precision": 0.9721401435204726,
    "f1-score": 0.9649560795191864,
    "auc": 0.9566776772133917
  },
  "19": {
    "loss": 0.48648688746887503,
    "recall": 0.9466019417475728,
    "accuracy": 0.9466019417475728,
    "precision": 0.9529249331644856,
    "f1-score": 0.9413815108341823,
    "auc": 0.9506550961908105
  },
  "20": {
    "loss": 0.45310519331867255,
    "recall": 0.9660194174757282,
    "accuracy": 0.9660194174757282,
    "precision": 0.9675284930350359,
    "f1-score": 0.960136674350703,
    "auc": 0.9349101188386905
  },
  "21": {
    "loss": 0.45124627751054114,
    "recall": 0.970873786407767,
    "accuracy": 0.970873786407767,
    "precision": 0.9721401435204726,
    "f1-score": 0.9649560795191864,
    "auc": 0.9410669366026508
  }
}