loss,accuracy,precision,recall,f1-score,auc
0.7316040104948665,0.8091334894613583,0.8434731083269504,0.8091334894613583,0.8193263285734229,0.9309185611163847
