{
  "0": {
    "loss": 1.352454701408011,
    "accuracy": 0.2903981264637002,
    "precision": 0.5027781303264173,
    "recall": 0.2903981264637002,
    "f1-score": 0.2551349219692965,
    "auc": 0.4253483748534693
  },
  "1": {
    "loss": 0.9795410222694522,
    "accuracy": 0.6610070257611241,
    "precision": 0.6546686096506016,
    "recall": 0.6610070257611241,
    "f1-score": 0.6484613441440782,
    "auc": 0.7506407902094552
  },
  "2": {
    "loss": 0.8286955952644348,
    "accuracy": 0.7599531615925058,
    "precision": 0.805696913988451,
    "recall": 0.7599531615925058,
    "f1-score": 0.7362930085920386,
    "auc": 0.7483639084128323
  },
  "3": {
    "loss": 0.8324175539843093,
    "accuracy": 0.7312646370023419,
    "precision": 0.7736936710406146,
    "recall": 0.7312646370023419,
    "f1-score": 0.7241605783738079,
    "auc": 0.7818852074439127
  },
  "4": {
    "loss": 0.8507365108373852,
    "accuracy": 0.7172131147540983,
    "precision": 0.7229608318807951,
    "recall": 0.7172131147540983,
    "f1-score": 0.7139517771670699,
    "auc": 0.7993798696219151
  },
  "5": {
    "loss": 0.8540646622275859,
    "accuracy": 0.7107728337236534,
    "precision": 0.7038143331745566,
    "recall": 0.7107728337236534,
    "f1-score": 0.705559354274674,
    "auc": 0.8069651711940662
  },
  "6": {
    "loss": 0.8820312293966146,
    "accuracy": 0.6973067915690867,
    "precision": 0.7004153351259842,
    "recall": 0.6973067915690867,
    "f1-score": 0.6978790311380247,
    "auc": 0.810027115185019
  },
  "7": {
    "loss": 0.9256280823948791,
    "accuracy": 0.6768149882903981,
    "precision": 0.6936157391279301,
    "recall": 0.6768149882903981,
    "f1-score": 0.6826853598103338,
    "auc": 0.8101423415334037
  },
  "8": {
    "loss": 0.9310839554465068,
    "accuracy": 0.6615925058548009,
    "precision": 0.7028832258207398,
    "recall": 0.6615925058548009,
    "f1-score": 0.6778174490329014,
    "auc": 0.821334516330083
  },
  "9": {
    "loss": 0.9422955020250147,
    "accuracy": 0.6492974238875878,
    "precision": 0.6952748542238821,
    "recall": 0.6492974238875878,
    "f1-score": 0.6653678824778735,
    "auc": 0.8178193296161081
  },
  "10": {
    "loss": 0.9501702260636055,
    "accuracy": 0.6715456674473068,
    "precision": 0.7035185599929694,
    "recall": 0.6715456674473068,
    "f1-score": 0.6752884892755457,
    "auc": 0.8181457802475118
  },
  "11": {
    "loss": 1.0300696594095342,
    "accuracy": 0.6446135831381733,
    "precision": 0.6878140478143832,
    "recall": 0.6446135831381733,
    "f1-score": 0.6567052867335355,
    "auc": 0.7969760216289511
  },
  "12": {
    "loss": 1.0295686358869494,
    "accuracy": 0.6510538641686182,
    "precision": 0.6830551467141107,
    "recall": 0.6510538641686182,
    "f1-score": 0.6583727195968875,
    "auc": 0.7901386259769788
  },
  "13": {
    "loss": 0.9977007339374802,
    "accuracy": 0.6686182669789227,
    "precision": 0.6918297272760109,
    "recall": 0.6686182669789227,
    "f1-score": 0.6737140872823227,
    "auc": 0.7953037940193524
  },
  "14": {
    "loss": 0.9672616421478415,
    "accuracy": 0.6762295081967213,
    "precision": 0.690854240738267,
    "recall": 0.6762295081967213,
    "f1-score": 0.6768725004243323,
    "auc": 0.7979340467562545
  },
  "15": {
    "loss": 0.9876049572745866,
    "accuracy": 0.6370023419203747,
    "precision": 0.6914991252983741,
    "recall": 0.6370023419203747,
    "f1-score": 0.6563259882114036,
    "auc": 0.8019450358385534
  },
  "16": {
    "loss": 0.9792474150936833,
    "accuracy": 0.6276346604215457,
    "precision": 0.691325527537047,
    "recall": 0.6276346604215457,
    "f1-score": 0.6522951457544677,
    "auc": 0.804243244401453
  },
  "17": {
    "loss": 0.9354259669082785,
    "accuracy": 0.6563231850117096,
    "precision": 0.7006528643600484,
    "recall": 0.6563231850117096,
    "f1-score": 0.6704054746465409,
    "auc": 0.8097865995809816
  },
  "18": {
    "loss": 0.9197281014165498,
    "accuracy": 0.655152224824356,
    "precision": 0.700301559874608,
    "recall": 0.655152224824356,
    "f1-score": 0.6708980946720926,
    "auc": 0.8146322550174103
  },
  "19": {
    "loss": 0.8920173229043322,
    "accuracy": 0.6574941451990632,
    "precision": 0.7048774887512589,
    "recall": 0.6574941451990632,
    "f1-score": 0.6766499223373225,
    "auc": 0.8207693759315164
  },
  "20": {
    "loss": 0.8886981172360637,
    "accuracy": 0.6779859484777517,
    "precision": 0.7107071260474903,
    "recall": 0.6779859484777517,
    "f1-score": 0.6887604722008265,
    "auc": 0.826064083878837
  },
  "21": {
    "loss": 0.8637439302873277,
    "accuracy": 0.6832552693208431,
    "precision": 0.7044653850799846,
    "recall": 0.6832552693208431,
    "f1-score": 0.690958063505381,
    "auc": 0.8260550175703177
  },
  "22": {
    "loss": 0.8681725634903205,
    "accuracy": 0.6838407494145199,
    "precision": 0.7143791985005518,
    "recall": 0.6838407494145199,
    "f1-score": 0.6925406841558964,
    "auc": 0.8320646921696189
  }
}