{
  "0": {
    "loss": 1.429045332957766,
    "accuracy": 0.21428571428571427,
    "precision": 0.4725304789001598,
    "recall": 0.21428571428571427,
    "f1-score": 0.21601858475036487,
    "auc": 0.43050068188553414
  },
  "1": {
    "loss": 0.9498335081185334,
    "accuracy": 0.6651053864168618,
    "precision": 0.8502308807343264,
    "recall": 0.6651053864168618,
    "f1-score": 0.6653323365731391,
    "auc": 0.8607625885976447
  },
  "2": {
    "loss": 0.7071619934164668,
    "accuracy": 0.7868852459016393,
    "precision": 0.8476960878917434,
    "recall": 0.7868852459016393,
    "f1-score": 0.7954317555513231,
    "auc": 0.9061831164845803
  },
  "3": {
    "loss": 0.6681773129335891,
    "accuracy": 0.800351288056206,
    "precision": 0.84400474118109,
    "recall": 0.800351288056206,
    "f1-score": 0.8097206545648084,
    "auc": 0.9136675833187016
  },
  "4": {
    "loss": 0.7559803517696729,
    "accuracy": 0.7699063231850117,
    "precision": 0.8174268486059058,
    "recall": 0.7699063231850117,
    "f1-score": 0.76007806729998,
    "auc": 0.89559585068106
  },
  "5": {
    "loss": 0.7003259503869318,
    "accuracy": 0.7909836065573771,
    "precision": 0.8336510375689749,
    "recall": 0.7909836065573771,
    "f1-score": 0.7813109856837942,
    "auc": 0.9012183165754007
  },
  "6": {
    "loss": 0.7263910255331625,
    "accuracy": 0.7792740046838408,
    "precision": 0.8179053334855885,
    "recall": 0.7792740046838408,
    "f1-score": 0.7662796804692807,
    "auc": 0.897110104640201
  },
  "7": {
    "loss": 0.6733579558845985,
    "accuracy": 0.7892271662763466,
    "precision": 0.7954576539499253,
    "recall": 0.7892271662763466,
    "f1-score": 0.7832733409826422,
    "auc": 0.9047499123218701
  },
  "8": {
    "loss": 0.6449114907820833,
    "accuracy": 0.8091334894613583,
    "precision": 0.8182213286724218,
    "recall": 0.8091334894613583,
    "f1-score": 0.793955642382286,
    "auc": 0.9265310007562236
  },
  "9": {
    "loss": 0.6685355159102894,
    "accuracy": 0.7980093676814989,
    "precision": 0.8204304236444012,
    "recall": 0.7980093676814989,
    "f1-score": 0.7962856458630738,
    "auc": 0.9299521349602475
  },
  "10": {
    "loss": 0.5743554571612937,
    "accuracy": 0.8471896955503513,
    "precision": 0.8361335092614507,
    "recall": 0.8471896955503513,
    "f1-score": 0.8246667266607894,
    "auc": 0.9265330730842802
  },
  "11": {
    "loss": 0.7116887424254585,
    "accuracy": 0.7997658079625293,
    "precision": 0.8620509922208477,
    "recall": 0.7997658079625293,
    "f1-score": 0.7705011853917855,
    "auc": 0.940543756079705
  },
  "12": {
    "loss": 0.5579311348654905,
    "accuracy": 0.8477751756440282,
    "precision": 0.8737651585219971,
    "recall": 0.8477751756440282,
    "f1-score": 0.8343828106433726,
    "auc": 0.947713761474377
  },
  "13": {
    "loss": 0.6371298740842583,
    "accuracy": 0.8056206088992974,
    "precision": 0.8275808577938116,
    "recall": 0.8056206088992974,
    "f1-score": 0.7985692833137887,
    "auc": 0.9264926309357173
  },
  "14": {
    "loss": 0.5590957429704957,
    "accuracy": 0.844847775175644,
    "precision": 0.8822875392589081,
    "recall": 0.844847775175644,
    "f1-score": 0.8485265567690746,
    "auc": 0.9553524818784072
  },
  "15": {
    "loss": 0.5798206070407492,
    "accuracy": 0.8366510538641686,
    "precision": 0.8772081423872803,
    "recall": 0.8366510538641686,
    "f1-score": 0.823197837406129,
    "auc": 0.9556608956142507
  },
  "16": {
    "loss": 0.5210103614548051,
    "accuracy": 0.8583138173302107,
    "precision": 0.8702551506416893,
    "recall": 0.8583138173302107,
    "f1-score": 0.8435936532057481,
    "auc": 0.9568178764794474
  },
  "17": {
    "loss": 0.5724773959756176,
    "accuracy": 0.8489461358313818,
    "precision": 0.8773118524691829,
    "recall": 0.8489461358313818,
    "f1-score": 0.8254748614922427,
    "auc": 0.9509197275391381
  },
  "18": {
    "loss": 0.5532854168699832,
    "accuracy": 0.8460187353629977,
    "precision": 0.8487784872460583,
    "recall": 0.8460187353629977,
    "f1-score": 0.8317338988898042,
    "auc": 0.9472108318001145
  },
  "19": {
    "loss": 0.6215219005628269,
    "accuracy": 0.8185011709601874,
    "precision": 0.8219617956131082,
    "recall": 0.8185011709601874,
    "f1-score": 0.7985377293362634,
    "auc": 0.9338285624808266
  },
  "20": {
    "loss": 0.714524539907308,
    "accuracy": 0.7728337236533958,
    "precision": 0.8098965712251902,
    "recall": 0.7728337236533958,
    "f1-score": 0.778704871232331,
    "auc": 0.9317779116832733
  },
  "21": {
    "loss": 0.6352309317304043,
    "accuracy": 0.8167447306791569,
    "precision": 0.8112014346918788,
    "recall": 0.8167447306791569,
    "f1-score": 0.8045486393280927,
    "auc": 0.9353159860434789
  },
  "22": {
    "loss": 0.615200794273573,
    "accuracy": 0.8366510538641686,
    "precision": 0.8639583756587031,
    "recall": 0.8366510538641686,
    "f1-score": 0.8056944586397838,
    "auc": 0.9403898435949943
  }
}