{
  "1": {
    "loss": 0.7960262448240668,
    "precision": 0.7986384049584283,
    "recall": 0.6904761904761905,
    "f1-score": 0.6723148740307112,
    "accuracy": 0.6904761904761905,
    "auc": 0.9638757706939525
  },
  "2": {
    "loss": 0.6023482522923193,
    "precision": 0.8437885356266066,
    "recall": 0.792478354978355,
    "f1-score": 0.7810545380218751,
    "accuracy": 0.792478354978355,
    "auc": 0.9901757018234291
  },
  "3": {
    "loss": 0.5725066603778245,
    "precision": 0.8654289058966604,
    "recall": 0.816017316017316,
    "f1-score": 0.8041385769986543,
    "accuracy": 0.816017316017316,
    "auc": 0.9839554910577637
  },
  "4": {
    "loss": 0.7641129931072136,
    "precision": 0.8396982664380076,
    "recall": 0.766504329004329,
    "f1-score": 0.7519098574783184,
    "accuracy": 0.766504329004329,
    "auc": 0.9725925379334469
  },
  "5": {
    "loss": 0.7655837995149356,
    "precision": 0.849043677460562,
    "recall": 0.7757034632034632,
    "f1-score": 0.761848274706516,
    "accuracy": 0.7757034632034632,
    "auc": 0.9699422526127072
  },
  "6": {
    "loss": 0.8071072292534304,
    "precision": 0.8566184623735092,
    "recall": 0.7895021645021645,
    "f1-score": 0.7743654052349568,
    "accuracy": 0.7895021645021645,
    "auc": 0.9581625235034325
  },
  "7": {
    "loss": 0.7794202710642959,
    "precision": 0.8647781673437955,
    "recall": 0.801948051948052,
    "f1-score": 0.7878051112712033,
    "accuracy": 0.801948051948052,
    "auc": 0.9541478092614455
  },
  "8": {
    "loss": 0.7853265953012359,
    "precision": 0.8695529903309878,
    "recall": 0.8073593073593074,
    "f1-score": 0.7925127381523415,
    "accuracy": 0.8073593073593074,
    "auc": 0.9504712984826622
  },
  "9": {
    "loss": 0.7070880243272493,
    "precision": 0.8683005911734073,
    "recall": 0.8087121212121212,
    "f1-score": 0.7943332043989323,
    "accuracy": 0.8087121212121212,
    "auc": 0.963730240718877
  },
  "10": {
    "loss": 0.8254340665164964,
    "precision": 0.8759754274041158,
    "recall": 0.8035714285714286,
    "f1-score": 0.7939432651726372,
    "accuracy": 0.8035714285714286,
    "auc": 0.9472491418514145
  },
  "11": {
    "loss": 0.9179512573269023,
    "precision": 0.8468074027373894,
    "recall": 0.7697510822510822,
    "f1-score": 0.754534632119781,
    "accuracy": 0.7697510822510822,
    "auc": 0.9398879214220123
  },
  "12": {
    "loss": 0.7573907140529517,
    "precision": 0.8725688166695569,
    "recall": 0.8108766233766234,
    "f1-score": 0.79735455288059,
    "accuracy": 0.8108766233766234,
    "auc": 0.9477738696488696
  },
  "13": {
    "loss": 0.8059534484689886,
    "precision": 0.8686650303974571,
    "recall": 0.8057359307359307,
    "f1-score": 0.7916408616617924,
    "accuracy": 0.8057359307359307,
    "auc": 0.9259785353535354
  },
  "14": {
    "loss": 0.7632036158790836,
    "precision": 0.8599922820040258,
    "recall": 0.8008658008658008,
    "f1-score": 0.785626951230694,
    "accuracy": 0.8008658008658008,
    "auc": 0.9499458874458875
  },
  "15": {
    "loss": 0.7926796784390618,
    "precision": 0.873243495163161,
    "recall": 0.8133116883116883,
    "f1-score": 0.7990209081890156,
    "accuracy": 0.8133116883116883,
    "auc": 0.9366285282478465
  },
  "16": {
    "loss": 0.7476530078943674,
    "precision": 0.878249181503263,
    "recall": 0.8184523809523809,
    "f1-score": 0.8044313502454793,
    "accuracy": 0.8184523809523809,
    "auc": 0.9569272268135905
  },
  "17": {
    "loss": 0.848074840776848,
    "precision": 0.8719340691006536,
    "recall": 0.8057359307359307,
    "f1-score": 0.7917711358848738,
    "accuracy": 0.8057359307359307,
    "auc": 0.923453282828283
  },
  "18": {
    "loss": 0.8261635257052137,
    "precision": 0.8724613027889299,
    "recall": 0.8092532467532467,
    "f1-score": 0.7952015638206826,
    "accuracy": 0.8092532467532467,
    "auc": 0.9271017807949626
  },
  "19": {
    "loss": 0.8929349907806942,
    "precision": 0.8526747069281455,
    "recall": 0.7819264069264069,
    "f1-score": 0.7682374097973874,
    "accuracy": 0.7819264069264069,
    "auc": 0.9102244031221304
  },
  "20": {
    "loss": 0.8796763520736199,
    "precision": 0.8553544252304875,
    "recall": 0.7878787878787878,
    "f1-score": 0.7729403786708882,
    "accuracy": 0.7878787878787878,
    "auc": 0.9091715313306222
  },
  "21": {
    "loss": 0.8518939592363515,
    "precision": 0.8767953135111164,
    "recall": 0.8133116883116883,
    "f1-score": 0.7995727541083169,
    "accuracy": 0.8133116883116883,
    "auc": 0.9009699265381085
  },
  "22": {
    "loss": 0.8711699529901727,
    "precision": 0.8671819721788602,
    "recall": 0.7984307359307359,
    "f1-score": 0.7837271174700355,
    "accuracy": 0.7984307359307359,
    "auc": 0.8981891425073243
  }
}