loss,accuracy,precision,recall,f1-score,auc
0.740835398365798,0.8366510538641686,0.8639583756587031,0.8366510538641686,0.8056944586397838,0.9403898435949943
