{
  "0": {
    "loss": 1.8539832280447108,
    "accuracy": 0.16393442622950818,
    "precision": 0.05242214060480866,
    "recall": 0.16393442622950818,
    "f1-score": 0.0784705565266665,
    "auc": 0.4564447587911321
  },
  "1": {
    "loss": 1.5549021832278518,
    "accuracy": 0.4127634660421546,
    "precision": 0.5337897712884483,
    "recall": 0.4127634660421546,
    "f1-score": 0.4043485858387471,
    "auc": 0.7090632599597979
  }
}