round,accuracy,auc,f1-score,loss,precision,recall
0,0.16393442622950818,0.4564447587911321,0.0784705565266665,1.8539832280447108,0.05242214060480866,0.16393442622950818
1,0.4127634660421546,0.7090632599597979,0.4043485858387471,1.5549021832278518,0.5337897712884483,0.4127634660421546
