{
  "1": {
    "loss": 1.159609700869588,
    "precision": 0.8035162032371727,
    "f1-score": 0.31602260914165015,
    "auc": 0.8747259373559779,
    "accuracy": 0.3737864077669903,
    "recall": 0.3737864077669903
  }
}