round,accuracy,auc,f1-score,loss,precision,recall
1,0.3737864077669903,0.8747259373559779,0.31602260914165015,1.159609700869588,0.8035162032371727,0.3737864077669903
