loss,accuracy,precision,recall,f1-score,auc
1.6573879431226493,0.4127634660421546,0.5337897712884483,0.4127634660421546,0.4043485858387471,0.7090632599597979
