{
  "0": {
    "loss": 1.5600705135622404,
    "accuracy": 0.186768149882904,
    "precision": 0.04501391840872289,
    "recall": 0.186768149882904,
    "f1-score": 0.07027453129205485,
    "auc": 0.48187906705463013
  },
  "1": {
    "loss": 0.7703947705463168,
    "accuracy": 0.8243559718969555,
    "precision": 0.743207044103019,
    "recall": 0.8243559718969555,
    "f1-score": 0.7676674708006022,
    "auc": 0.8433379271798099
  },
  "2": {
    "loss": 0.695208023875882,
    "accuracy": 0.7862997658079626,
    "precision": 0.800871885609941,
    "recall": 0.7862997658079626,
    "f1-score": 0.7783351758895164,
    "auc": 0.8739709752744202
  },
  "3": {
    "loss": 0.750421585606747,
    "accuracy": 0.7874707259953162,
    "precision": 0.8597908709844347,
    "recall": 0.7874707259953162,
    "f1-score": 0.7692702589353917,
    "auc": 0.8873820754425301
  },
  "4": {
    "loss": 0.6702199367505326,
    "accuracy": 0.8067915690866511,
    "precision": 0.8409033936780113,
    "recall": 0.8067915690866511,
    "f1-score": 0.8024335061905726,
    "auc": 0.882095974483926
  },
  "5": {
    "loss": 0.6672594505394929,
    "accuracy": 0.8108899297423887,
    "precision": 0.8583310377129045,
    "recall": 0.8108899297423887,
    "f1-score": 0.8138995523061139,
    "auc": 0.9021009365885553
  },
  "6": {
    "loss": 0.6157590276463528,
    "accuracy": 0.8343091334894613,
    "precision": 0.8536383758062827,
    "recall": 0.8343091334894613,
    "f1-score": 0.8242306475877307,
    "auc": 0.8961726659982412
  },
  "7": {
    "loss": 0.5980193454431985,
    "accuracy": 0.8413348946135831,
    "precision": 0.8796616339947021,
    "recall": 0.8413348946135831,
    "f1-score": 0.8392055203223983,
    "auc": 0.9297057445170906
  },
  "8": {
    "loss": 0.6331321213228641,
    "accuracy": 0.8202576112412178,
    "precision": 0.8603078842989935,
    "recall": 0.8202576112412178,
    "f1-score": 0.8121443540129724,
    "auc": 0.9095142988369656
  },
  "9": {
    "loss": 0.6164860294769743,
    "accuracy": 0.8313817330210773,
    "precision": 0.8655160036702915,
    "recall": 0.8313817330210773,
    "f1-score": 0.8229046053812867,
    "auc": 0.9077716847365337
  },
  "10": {
    "loss": 0.6009070769964392,
    "accuracy": 0.8395784543325527,
    "precision": 0.8620219595144573,
    "recall": 0.8395784543325527,
    "f1-score": 0.8327913984017445,
    "auc": 0.914528921497281
  },
  "11": {
    "loss": 0.567138711169397,
    "accuracy": 0.8594847775175644,
    "precision": 0.8746703999814297,
    "recall": 0.8594847775175644,
    "f1-score": 0.8477432196146631,
    "auc": 0.928231407049444
  },
  "12": {
    "loss": 0.5779589386678691,
    "accuracy": 0.8501170960187353,
    "precision": 0.8513386114628376,
    "recall": 0.8501170960187353,
    "f1-score": 0.8363502513141411,
    "auc": 0.9215654634318428
  },
  "13": {
    "loss": 0.6011078819737222,
    "accuracy": 0.8278688524590164,
    "precision": 0.8389329446847877,
    "recall": 0.8278688524590164,
    "f1-score": 0.8270993066936717,
    "auc": 0.9269842916925959
  },
  "14": {
    "loss": 0.6195519392049285,
    "accuracy": 0.8120608899297423,
    "precision": 0.8429152993739814,
    "recall": 0.8120608899297423,
    "f1-score": 0.8188508425857233,
    "auc": 0.9348730383879654
  },
  "15": {
    "loss": 0.6181002819007677,
    "accuracy": 0.8249414519906323,
    "precision": 0.8822170622657107,
    "recall": 0.8249414519906323,
    "f1-score": 0.8317888531139837,
    "auc": 0.9343524189642998
  }
}