{
  "1": {
    "loss": 0.8491358027874845,
    "precision": 0.8749704001894388,
    "auc": 0.9605115973348334,
    "accuracy": 0.8446601941747572,
    "f1-score": 0.7951497705067094,
    "recall": 0.8446601941747572
  },
  "2": {
    "loss": 0.45949748303126364,
    "precision": 0.956099620092866,
    "auc": 0.980744354511493,
    "accuracy": 0.9514563106796117,
    "f1-score": 0.9460116762893913,
    "recall": 0.9514563106796117
  },
  "3": {
    "loss": 0.48083483189055065,
    "precision": 0.956099620092866,
    "auc": 0.9921313323596606,
    "accuracy": 0.9514563106796117,
    "f1-score": 0.9460116762893913,
    "recall": 0.9514563106796117
  },
  "4": {
    "loss": 0.4799670678319283,
    "precision": 0.9585073688621919,
    "auc": 0.9705480158570604,
    "accuracy": 0.9563106796116505,
    "f1-score": 0.9505845916702866,
    "recall": 0.9563106796116505
  },
  "5": {
    "loss": 0.509647678403021,
    "precision": 0.9261589990261754,
    "auc": 0.9697799432070772,
    "accuracy": 0.9077669902912622,
    "f1-score": 0.9028774365481657,
    "recall": 0.9077669902912622
  },
  "6": {
    "loss": 0.4875040638794019,
    "precision": 0.9548748803500615,
    "auc": 0.9754262101840606,
    "accuracy": 0.9514563106796117,
    "f1-score": 0.945449408058306,
    "recall": 0.9514563106796117
  },
  "7": {
    "loss": 0.447782611962661,
    "precision": 0.9628763009010268,
    "auc": 0.9900550819060328,
    "accuracy": 0.9611650485436893,
    "f1-score": 0.9553353089360034,
    "recall": 0.9611650485436893
  },
  "8": {
    "loss": 0.48449356347611805,
    "precision": 0.9585073688621919,
    "auc": 0.9819436516362655,
    "accuracy": 0.9563106796116505,
    "f1-score": 0.9505845916702866,
    "recall": 0.9563106796116505
  },
  "9": {
    "loss": 0.45609142103241485,
    "precision": 0.9677306698330657,
    "auc": 0.97943090303495,
    "accuracy": 0.9660194174757282,
    "f1-score": 0.9601513500234528,
    "recall": 0.9660194174757282
  },
  "10": {
    "loss": 0.46065850396758146,
    "precision": 0.9585073688621919,
    "auc": 0.9741259338340275,
    "accuracy": 0.9563106796116505,
    "f1-score": 0.9505845916702866,
    "recall": 0.9563106796116505
  },
  "11": {
    "loss": 0.4424875795262531,
    "precision": 0.9675284930350359,
    "auc": 0.9914197128482842,
    "accuracy": 0.9660194174757282,
    "f1-score": 0.960136674350703,
    "recall": 0.9660194174757282
  },
  "12": {
    "loss": 0.44866666776462666,
    "precision": 0.9675284930350359,
    "auc": 0.9784032409032408,
    "accuracy": 0.9660194174757282,
    "f1-score": 0.960136674350703,
    "recall": 0.9660194174757282
  },
  "13": {
    "loss": 0.44177424039655516,
    "precision": 0.9675284930350359,
    "auc": 0.9731459660031087,
    "accuracy": 0.9660194174757282,
    "f1-score": 0.960136674350703,
    "recall": 0.9660194174757282
  },
  "14": {
    "loss": 0.4367166919615662,
    "precision": 0.9675284930350359,
    "auc": 0.9845823095823095,
    "accuracy": 0.9660194174757282,
    "f1-score": 0.960136674350703,
    "recall": 0.9660194174757282
  },
  "15": {
    "loss": 0.4416583840129445,
    "precision": 0.9633560473577358,
    "auc": 0.9843482048839193,
    "accuracy": 0.9611650485436893,
    "f1-score": 0.9553797335350734,
    "recall": 0.9611650485436893
  }
}