loss,accuracy,precision,recall,f1-score,auc
0.7275478788924161,0.8120608899297423,0.8429152993739814,0.8120608899297423,0.8188508425857233,0.9348730383879654
