loss,accuracy,precision,recall,f1-score,auc
1.2083168071661956,0.7189695550351288,0.705247406969278,0.7189695550351288,0.7078899279163184,0.7506647688221132
