{
  "0": {
    "loss": 1.5194362748143824,
    "accuracy": 0.08489461358313817,
    "precision": 0.013368570852193597,
    "recall": 0.08489461358313817,
    "f1-score": 0.02299653903657926,
    "auc": 0.5810857882054811
  },
  "1": {
    "loss": 0.8053863916799112,
    "accuracy": 0.8032786885245902,
    "precision": 0.7379661668309958,
    "recall": 0.8032786885245902,
    "f1-score": 0.764580327115865,
    "auc": 0.8215180883646231
  },
  "2": {
    "loss": 0.640607731403735,
    "accuracy": 0.813231850117096,
    "precision": 0.8250067692223464,
    "recall": 0.813231850117096,
    "f1-score": 0.7907204732733337,
    "auc": 0.8949647023330827
  },
  "3": {
    "loss": 0.6261275520229787,
    "accuracy": 0.8278688524590164,
    "precision": 0.8243249184075044,
    "recall": 0.8278688524590164,
    "f1-score": 0.8043909215521508,
    "auc": 0.8919170175284687
  },
  "4": {
    "loss": 0.6726841943325427,
    "accuracy": 0.7915690866510539,
    "precision": 0.8026337508163867,
    "recall": 0.7915690866510539,
    "f1-score": 0.7902361655532486,
    "auc": 0.8955320471394459
  },
  "5": {
    "loss": 0.6239949936609915,
    "accuracy": 0.8284543325526932,
    "precision": 0.8337762685513405,
    "recall": 0.8284543325526932,
    "f1-score": 0.8095022156975115,
    "auc": 0.8922750592215161
  },
  "6": {
    "loss": 0.6735099996560072,
    "accuracy": 0.8120608899297423,
    "precision": 0.853111679717978,
    "recall": 0.8120608899297423,
    "f1-score": 0.7971284986728467,
    "auc": 0.8835030301998361
  },
  "7": {
    "loss": 0.6127054733889443,
    "accuracy": 0.8407494145199064,
    "precision": 0.8334198379984438,
    "recall": 0.8407494145199064,
    "f1-score": 0.8122559227264801,
    "auc": 0.8855133869312072
  },
  "8": {
    "loss": 0.6131646422368302,
    "accuracy": 0.8343091334894613,
    "precision": 0.840235674390278,
    "recall": 0.8343091334894613,
    "f1-score": 0.8154967908806445,
    "auc": 0.9058720392207966
  },
  "9": {
    "loss": 0.5501461522501023,
    "accuracy": 0.8612412177985949,
    "precision": 0.8679340462747915,
    "recall": 0.8612412177985949,
    "f1-score": 0.8528810732792462,
    "auc": 0.9262634310870513
  },
  "10": {
    "loss": 0.5905958989883754,
    "accuracy": 0.8507025761124122,
    "precision": 0.8634137898587895,
    "recall": 0.8507025761124122,
    "f1-score": 0.8326573022654946,
    "auc": 0.915390932886751
  }
}