{
  "1": {
    "loss": 0.734773008568773,
    "accuracy": 0.9320388349514563,
    "precision": 0.936527416928757,
    "auc": 0.9490445227759663,
    "f1-score": 0.9238128253682671,
    "recall": 0.9320388349514563
  },
  "2": {
    "loss": 0.48366425714446504,
    "accuracy": 0.9563106796116505,
    "precision": 0.9593595583071878,
    "auc": 0.95416854702569,
    "f1-score": 0.950807622821365,
    "recall": 0.9563106796116505
  },
  "3": {
    "loss": 0.466442918893203,
    "accuracy": 0.9660194174757282,
    "precision": 0.9675284930350359,
    "auc": 0.956462793962794,
    "f1-score": 0.960136674350703,
    "recall": 0.9660194174757282
  },
  "4": {
    "loss": 0.46355049673793386,
    "accuracy": 0.9466019417475728,
    "precision": 0.9427625772285965,
    "auc": 0.9554718906830805,
    "f1-score": 0.9424154884591579,
    "recall": 0.9466019417475728
  },
  "5": {
    "loss": 0.4592348467377783,
    "accuracy": 0.9563106796116505,
    "precision": 0.9595629149238266,
    "auc": 0.9596494801851944,
    "f1-score": 0.9506746812649628,
    "recall": 0.9563106796116505
  },
  "6": {
    "loss": 0.46748834472258116,
    "accuracy": 0.9611650485436893,
    "precision": 0.9633560473577358,
    "auc": 0.9425719550719551,
    "f1-score": 0.9553797335350734,
    "recall": 0.9611650485436893
  },
  "7": {
    "loss": 0.4592018674299555,
    "accuracy": 0.9660194174757282,
    "precision": 0.9675284930350359,
    "auc": 0.9462306114091827,
    "f1-score": 0.960136674350703,
    "recall": 0.9660194174757282
  },
  "8": {
    "loss": 0.45906822311068046,
    "accuracy": 0.9563106796116505,
    "precision": 0.9593595583071878,
    "auc": 0.9571488116130972,
    "f1-score": 0.950807622821365,
    "recall": 0.9563106796116505
  },
  "9": {
    "loss": 0.44064714318340265,
    "accuracy": 0.970873786407767,
    "precision": 0.9721401435204726,
    "auc": 0.9649587783516353,
    "f1-score": 0.9649560795191864,
    "recall": 0.970873786407767
  },
  "10": {
    "loss": 0.4560151522599378,
    "accuracy": 0.9611650485436893,
    "precision": 0.9633560473577358,
    "auc": 0.9613873497802069,
    "f1-score": 0.9553797335350734,
    "recall": 0.9611650485436893
  }
}