loss,accuracy,precision,recall,f1-score,auc
0.6650670391335142,0.8612412177985949,0.8679340462747915,0.8612412177985949,0.8528810732792462,0.9262634310870513
