{
  "0": {
    "loss": 1.3109098762203995,
    "accuracy": 0.43676814988290397,
    "precision": 0.42701656334734617,
    "recall": 0.43676814988290397,
    "f1-score": 0.43110918517212193,
    "auc": 0.5741010498143169
  },
  "1": {
    "loss": 0.8833715182835938,
    "accuracy": 0.7839578454332553,
    "precision": 0.7414660804479548,
    "recall": 0.7839578454332553,
    "f1-score": 0.7564626982753332,
    "auc": 0.8102484419041254
  },
  "2": {
    "loss": 0.7161183746693006,
    "accuracy": 0.7734192037470726,
    "precision": 0.8129201549282465,
    "recall": 0.7734192037470726,
    "f1-score": 0.7618605737042479,
    "auc": 0.8933003933456009
  },
  "3": {
    "loss": 0.6605422609863013,
    "accuracy": 0.8062060889929742,
    "precision": 0.8251838191956545,
    "recall": 0.8062060889929742,
    "f1-score": 0.7845539593529886,
    "auc": 0.8947244766881958
  },
  "4": {
    "loss": 0.6705890334182936,
    "accuracy": 0.8179156908665105,
    "precision": 0.8601148484486205,
    "recall": 0.8179156908665105,
    "f1-score": 0.8170710545484208,
    "auc": 0.9004826791664958
  },
  "5": {
    "loss": 0.5932293934202306,
    "accuracy": 0.8629976580796253,
    "precision": 0.8659532667656669,
    "recall": 0.8629976580796253,
    "f1-score": 0.838738583160602,
    "auc": 0.8827403452907847
  },
  "6": {
    "loss": 0.7248119147237068,
    "accuracy": 0.7985948477751756,
    "precision": 0.8292693645847321,
    "recall": 0.7985948477751756,
    "f1-score": 0.7904810755937688,
    "auc": 0.8736513225768595
  },
  "7": {
    "loss": 0.6198797682409264,
    "accuracy": 0.8149882903981265,
    "precision": 0.8347628334660155,
    "recall": 0.8149882903981265,
    "f1-score": 0.8166837552251247,
    "auc": 0.9063578609799224
  },
  "8": {
    "loss": 0.5900905079249755,
    "accuracy": 0.835480093676815,
    "precision": 0.8325784396620803,
    "recall": 0.835480093676815,
    "f1-score": 0.8280320514439491,
    "auc": 0.9101152413634631
  },
  "9": {
    "loss": 0.668160263352986,
    "accuracy": 0.8009367681498829,
    "precision": 0.8270208641286964,
    "recall": 0.8009367681498829,
    "f1-score": 0.8028374286792426,
    "auc": 0.9056980066879055
  },
  "10": {
    "loss": 0.6045269880278049,
    "accuracy": 0.8378220140515222,
    "precision": 0.8588570141986802,
    "recall": 0.8378220140515222,
    "f1-score": 0.8322547154845974,
    "auc": 0.9151770400639807
  },
  "11": {
    "loss": 0.6311694472958388,
    "accuracy": 0.8296252927400468,
    "precision": 0.8481786291289743,
    "recall": 0.8296252927400468,
    "f1-score": 0.8222324774003393,
    "auc": 0.9118797659016228
  },
  "12": {
    "loss": 0.6399852289388553,
    "accuracy": 0.8243559718969555,
    "precision": 0.8580221135542553,
    "recall": 0.8243559718969555,
    "f1-score": 0.8221582261860584,
    "auc": 0.9104469819907551
  },
  "13": {
    "loss": 0.5923703853084555,
    "accuracy": 0.8348946135831382,
    "precision": 0.8595900608265942,
    "recall": 0.8348946135831382,
    "f1-score": 0.834228017761068,
    "auc": 0.9240941249003347
  },
  "14": {
    "loss": 0.6437446119076196,
    "accuracy": 0.8237704918032787,
    "precision": 0.8463793976824151,
    "recall": 0.8237704918032787,
    "f1-score": 0.8225450973237346,
    "auc": 0.918101299769051
  },
  "15": {
    "loss": 0.655529766472218,
    "accuracy": 0.7962529274004684,
    "precision": 0.8218426385662281,
    "recall": 0.7962529274004684,
    "f1-score": 0.801264546280104,
    "auc": 0.9184188440927902
  },
  "16": {
    "loss": 0.6649952865177351,
    "accuracy": 0.8155737704918032,
    "precision": 0.8492037965326856,
    "recall": 0.8155737704918032,
    "f1-score": 0.8135152572683283,
    "auc": 0.9157277521879927
  },
  "17": {
    "loss": 0.6291570681598762,
    "accuracy": 0.8255269320843092,
    "precision": 0.8355172287988064,
    "recall": 0.8255269320843092,
    "f1-score": 0.8217950303399851,
    "auc": 0.9158724409580539
  },
  "18": {
    "loss": 0.7022399685980285,
    "accuracy": 0.788056206088993,
    "precision": 0.8249098445914949,
    "recall": 0.788056206088993,
    "f1-score": 0.7962678852383671,
    "auc": 0.915522632682434
  },
  "19": {
    "loss": 0.6873257362591298,
    "accuracy": 0.8026932084309133,
    "precision": 0.8298202286743498,
    "recall": 0.8026932084309133,
    "f1-score": 0.8044118969780929,
    "auc": 0.9148975298660464
  },
  "20": {
    "loss": 0.6983690211588661,
    "accuracy": 0.7851288056206089,
    "precision": 0.8250866742848124,
    "recall": 0.7851288056206089,
    "f1-score": 0.7981025188442754,
    "auc": 0.9206053343378516
  }
}