{
  "1": {
    "loss": 0.8230794037430031,
    "recall": 0.9223300970873787,
    "auc": 0.9634454819688122,
    "accuracy": 0.9223300970873787,
    "precision": 0.924066882416397,
    "f1-score": 0.9167596038888495
  },
  "2": {
    "loss": 0.5257877452859601,
    "recall": 0.9368932038834952,
    "auc": 0.9766962297056716,
    "accuracy": 0.9368932038834952,
    "precision": 0.94911373395097,
    "f1-score": 0.9332059625889128
  },
  "3": {
    "loss": 0.49171755238644127,
    "recall": 0.9466019417475728,
    "auc": 0.9740554203706571,
    "accuracy": 0.9466019417475728,
    "precision": 0.9529249331644856,
    "f1-score": 0.9413815108341823
  },
  "4": {
    "loss": 0.4460566425786435,
    "recall": 0.9611650485436893,
    "auc": 0.979756786006786,
    "accuracy": 0.9611650485436893,
    "precision": 0.9633560473577358,
    "f1-score": 0.9553797335350734
  },
  "5": {
    "loss": 0.4645852110918286,
    "recall": 0.9660194174757282,
    "auc": 0.9637604673318958,
    "accuracy": 0.9660194174757282,
    "precision": 0.9675284930350359,
    "f1-score": 0.960136674350703
  },
  "6": {
    "loss": 0.4674170844763228,
    "recall": 0.9611650485436893,
    "auc": 0.9529127805913521,
    "accuracy": 0.9611650485436893,
    "precision": 0.9633560473577358,
    "f1-score": 0.9553797335350734
  },
  "7": {
    "loss": 0.4343767455480631,
    "recall": 0.9660194174757282,
    "auc": 0.9711047318190177,
    "accuracy": 0.9660194174757282,
    "precision": 0.9678298929237913,
    "f1-score": 0.960219107467207
  },
  "8": {
    "loss": 0.4538404892370539,
    "recall": 0.9660194174757282,
    "auc": 0.9613063898778186,
    "accuracy": 0.9660194174757282,
    "precision": 0.9675284930350359,
    "f1-score": 0.960136674350703
  },
  "9": {
    "loss": 0.4582771673364547,
    "recall": 0.9660194174757282,
    "auc": 0.9397079593508165,
    "accuracy": 0.9660194174757282,
    "precision": 0.9675284930350359,
    "f1-score": 0.960136674350703
  },
  "10": {
    "loss": 0.44553078349354197,
    "recall": 0.970873786407767,
    "auc": 0.9625747965033681,
    "accuracy": 0.970873786407767,
    "precision": 0.9721401435204726,
    "f1-score": 0.9649560795191864
  },
  "11": {
    "loss": 0.4632883228144599,
    "recall": 0.9611650485436893,
    "auc": 0.9557138887496032,
    "accuracy": 0.9611650485436893,
    "precision": 0.9633560473577358,
    "f1-score": 0.9553797335350734
  },
  "12": {
    "loss": 0.462431536137479,
    "recall": 0.9660194174757282,
    "auc": 0.9427481864981865,
    "accuracy": 0.9660194174757282,
    "precision": 0.9675284930350359,
    "f1-score": 0.960136674350703
  },
  "13": {
    "loss": 0.4539885240272411,
    "recall": 0.9611650485436893,
    "auc": 0.9598723027294457,
    "accuracy": 0.9611650485436893,
    "precision": 0.9633560473577358,
    "f1-score": 0.9553797335350734
  },
  "14": {
    "loss": 0.47087896391026024,
    "recall": 0.9611650485436893,
    "auc": 0.9146698298484012,
    "accuracy": 0.9611650485436893,
    "precision": 0.9633560473577358,
    "f1-score": 0.9553797335350734
  },
  "15": {
    "loss": 0.4498373339477095,
    "recall": 0.970873786407767,
    "auc": 0.9440199359842218,
    "accuracy": 0.970873786407767,
    "precision": 0.9721401435204726,
    "f1-score": 0.9649560795191864
  },
  "16": {
    "loss": 0.4687234313742628,
    "recall": 0.9611650485436893,
    "auc": 0.9527668438382725,
    "accuracy": 0.9611650485436893,
    "precision": 0.9633560473577358,
    "f1-score": 0.9553797335350734
  },
  "17": {
    "loss": 0.456492750679405,
    "recall": 0.970873786407767,
    "auc": 0.9241077696434841,
    "accuracy": 0.970873786407767,
    "precision": 0.9721401435204726,
    "f1-score": 0.9649560795191864
  },
  "18": {
    "loss": 0.45279641897933,
    "recall": 0.9660194174757282,
    "auc": 0.9342111476040046,
    "accuracy": 0.9660194174757282,
    "precision": 0.9675284930350359,
    "f1-score": 0.960136674350703
  },
  "19": {
    "loss": 0.4614969263377699,
    "recall": 0.970873786407767,
    "auc": 0.9332184225041367,
    "accuracy": 0.970873786407767,
    "precision": 0.9721401435204726,
    "f1-score": 0.9649560795191864
  },
  "20": {
    "loss": 0.45054636273569276,
    "recall": 0.970873786407767,
    "auc": 0.9272545504688361,
    "accuracy": 0.970873786407767,
    "precision": 0.9721401435204726,
    "f1-score": 0.9649560795191864
  }
}