loss,accuracy,precision,recall,f1-score,auc
0.7246545866585448,0.8149882903981265,0.8347628334660155,0.8149882903981265,0.8166837552251247,0.9063578609799224
