{
  "0": {
    "loss": 1.2910857775730606,
    "accuracy": 0.6194379391100703,
    "precision": 0.6080372236168909,
    "recall": 0.6194379391100703,
    "f1-score": 0.4919507029174859,
    "auc": 0.5178205412809054
  },
  "1": {
    "loss": 1.1633988177748418,
    "accuracy": 0.7201405152224825,
    "precision": 0.6467354265765567,
    "recall": 0.7201405152224825,
    "f1-score": 0.6814362681208799,
    "auc": 0.6550038040719661
  }
}