round,accuracy,auc,f1-score,loss,precision,recall
0,0.6194379391100703,0.5178205412809054,0.4919507029174859,1.2910857775730606,0.6080372236168909,0.6194379391100703
1,0.7201405152224825,0.6550038040719661,0.6814362681208799,1.1633988177748418,0.6467354265765567,0.7201405152224825
