{
  "1": {
    "loss": 1.2354984433905591,
    "f1-score": 0.8046241045985035,
    "recall": 0.8349514563106796,
    "accuracy": 0.8349514563106796,
    "auc": 0.685425720729934,
    "precision": 0.8065395723239525
  }
}