round,accuracy,auc,f1-score,loss,precision,recall
1,0.8349514563106796,0.685425720729934,0.8046241045985035,1.2354984433905591,0.8065395723239525,0.8349514563106796
