loss,accuracy,precision,recall,f1-score,auc
1.2267806460204114,0.7201405152224825,0.6467354265765567,0.7201405152224825,0.6814362681208799,0.6550038040719661
