loss,accuracy,precision,recall,f1-score,auc
1.0984293519752646,0.6949648711943794,0.6937720324956763,0.6949648711943794,0.6901388894193158,0.7413440127048068
