{
  "0": {
    "loss": 1.403439219159879,
    "accuracy": 0.16276346604215455,
    "precision": 0.39196327824654814,
    "recall": 0.16276346604215455,
    "f1-score": 0.15365412211066043,
    "auc": 0.49407708149269597
  },
  "1": {
    "loss": 0.8252476511012754,
    "accuracy": 0.8097189695550351,
    "precision": 0.7236882514824279,
    "recall": 0.8097189695550351,
    "f1-score": 0.7606172368131082,
    "auc": 0.7374454246430175
  },
  "2": {
    "loss": 0.8090541306926718,
    "accuracy": 0.7886416861826698,
    "precision": 0.7280211479942675,
    "recall": 0.7886416861826698,
    "f1-score": 0.7521315255601126,
    "auc": 0.7612776273277714
  },
  "3": {
    "loss": 0.7415608477536633,
    "accuracy": 0.7839578454332553,
    "precision": 0.715754553956143,
    "recall": 0.7839578454332553,
    "f1-score": 0.7463948111449874,
    "auc": 0.8097557954503742
  },
  "4": {
    "loss": 0.779971678865598,
    "accuracy": 0.7535128805620609,
    "precision": 0.7196617245863761,
    "recall": 0.7535128805620609,
    "f1-score": 0.7313492987621826,
    "auc": 0.8172592138368676
  },
  "5": {
    "loss": 0.7729409704163706,
    "accuracy": 0.7634660421545667,
    "precision": 0.7191234948225182,
    "recall": 0.7634660421545667,
    "f1-score": 0.7360522704100684,
    "auc": 0.8186863218668534
  },
  "6": {
    "loss": 0.7538172717116756,
    "accuracy": 0.7599531615925058,
    "precision": 0.712667019697156,
    "recall": 0.7599531615925058,
    "f1-score": 0.7325714112355614,
    "auc": 0.8345883323461729
  },
  "7": {
    "loss": 0.7441625254494804,
    "accuracy": 0.7605386416861827,
    "precision": 0.7180133932579893,
    "recall": 0.7605386416861827,
    "f1-score": 0.7335687571565738,
    "auc": 0.8515462793644253
  },
  "8": {
    "loss": 0.7352093389776887,
    "accuracy": 0.7576112412177985,
    "precision": 0.715813623421531,
    "recall": 0.7576112412177985,
    "f1-score": 0.7322310255382983,
    "auc": 0.8622542937333573
  },
  "9": {
    "loss": 0.7445947296167146,
    "accuracy": 0.7552693208430913,
    "precision": 0.7161139754164569,
    "recall": 0.7552693208430913,
    "f1-score": 0.7305913149108832,
    "auc": 0.8637187929515422
  },
  "10": {
    "loss": 0.7673700243164839,
    "accuracy": 0.7540983606557377,
    "precision": 0.7136870324150916,
    "recall": 0.7540983606557377,
    "f1-score": 0.7290013752137279,
    "auc": 0.8480326527747599
  },
  "11": {
    "loss": 0.7897655240824966,
    "accuracy": 0.7552693208430913,
    "precision": 0.7131994870301998,
    "recall": 0.7552693208430913,
    "f1-score": 0.7297775032300045,
    "auc": 0.8521010604149195
  },
  "12": {
    "loss": 0.7681982009137263,
    "accuracy": 0.7535128805620609,
    "precision": 0.7132055498731837,
    "recall": 0.7535128805620609,
    "f1-score": 0.728921031089809,
    "auc": 0.8517851163295084
  },
  "13": {
    "loss": 0.7450415028621218,
    "accuracy": 0.759367681498829,
    "precision": 0.7152010315083208,
    "recall": 0.759367681498829,
    "f1-score": 0.7328069472959876,
    "auc": 0.8633583648742612
  },
  "14": {
    "loss": 0.7948962511446772,
    "accuracy": 0.7523419203747073,
    "precision": 0.7152084131186758,
    "recall": 0.7523419203747073,
    "f1-score": 0.7287122623217501,
    "auc": 0.8555613003486838
  },
  "15": {
    "loss": 0.7542345864432198,
    "accuracy": 0.7576112412177985,
    "precision": 0.7148654741116339,
    "recall": 0.7576112412177985,
    "f1-score": 0.731656849193825,
    "auc": 0.8751506325662819
  },
  "16": {
    "loss": 0.7470013439236536,
    "accuracy": 0.7617096018735363,
    "precision": 0.7172518124387779,
    "recall": 0.7617096018735363,
    "f1-score": 0.7346711441490007,
    "auc": 0.8805260222634805
  },
  "17": {
    "loss": 0.7619381221731039,
    "accuracy": 0.7605386416861827,
    "precision": 0.7162678330479799,
    "recall": 0.7605386416861827,
    "f1-score": 0.7334664035974497,
    "auc": 0.8755525278968227
  },
  "18": {
    "loss": 0.7474431045859424,
    "accuracy": 0.7617096018735363,
    "precision": 0.7174698328617546,
    "recall": 0.7617096018735363,
    "f1-score": 0.7348968789782081,
    "auc": 0.8771669056355994
  },
  "19": {
    "loss": 0.75387904152658,
    "accuracy": 0.7564402810304449,
    "precision": 0.7173694781358173,
    "recall": 0.7564402810304449,
    "f1-score": 0.7313787433227406,
    "auc": 0.8783468211097469
  },
  "20": {
    "loss": 0.7717633324847567,
    "accuracy": 0.75,
    "precision": 0.71508717903552,
    "recall": 0.75,
    "f1-score": 0.7271835325048006,
    "auc": 0.8700208771397913
  },
  "21": {
    "loss": 0.7620079328220957,
    "accuracy": 0.7634660421545667,
    "precision": 0.7160270818521665,
    "recall": 0.7634660421545667,
    "f1-score": 0.735570646615694,
    "auc": 0.8711988636904378
  },
  "22": {
    "loss": 0.7700076780916656,
    "accuracy": 0.7587822014051522,
    "precision": 0.7171012207683842,
    "recall": 0.7587822014051522,
    "f1-score": 0.73285399240035,
    "auc": 0.8783689384348281
  }
}