{
  "1": {
    "loss": 0.9615195057924512,
    "accuracy": 0.8398058252427184,
    "recall": 0.8398058252427184,
    "f1-score": 0.797830613689887,
    "precision": 0.7734704158270745,
    "auc": 0.8703755322542942
  },
  "2": {
    "loss": 0.7954267084019856,
    "accuracy": 0.8495145631067961,
    "recall": 0.8495145631067961,
    "f1-score": 0.8276292438321801,
    "precision": 0.8270149483741716,
    "auc": 0.931787413982792
  },
  "3": {
    "loss": 0.7275203483775982,
    "accuracy": 0.8737864077669902,
    "recall": 0.8737864077669902,
    "f1-score": 0.8527362253593881,
    "precision": 0.8580454026270702,
    "auc": 0.9541867167143594
  },
  "4": {
    "loss": 0.7044685720240028,
    "accuracy": 0.883495145631068,
    "recall": 0.883495145631068,
    "f1-score": 0.8697409416685626,
    "precision": 0.8729449838187702,
    "auc": 0.9466288539209812
  },
  "5": {
    "loss": 0.7141077003432709,
    "accuracy": 0.883495145631068,
    "recall": 0.883495145631068,
    "f1-score": 0.8697409416685626,
    "precision": 0.8729449838187702,
    "auc": 0.9478694568477848
  },
  "6": {
    "loss": 0.7099805358544137,
    "accuracy": 0.883495145631068,
    "recall": 0.883495145631068,
    "f1-score": 0.8672969133827825,
    "precision": 0.8722850896933069,
    "auc": 0.9485252131371104
  },
  "7": {
    "loss": 0.7323969631519133,
    "accuracy": 0.8737864077669902,
    "recall": 0.8737864077669902,
    "f1-score": 0.859025704519681,
    "precision": 0.8615613474161665,
    "auc": 0.9474210649743792
  },
  "8": {
    "loss": 0.7052788329355925,
    "accuracy": 0.883495145631068,
    "recall": 0.883495145631068,
    "f1-score": 0.8697409416685626,
    "precision": 0.8729449838187702,
    "auc": 0.9495762678723277
  },
  "9": {
    "loss": 0.7076307523597791,
    "accuracy": 0.8737864077669902,
    "recall": 0.8737864077669902,
    "f1-score": 0.8581330294962415,
    "precision": 0.8651209334014649,
    "auc": 0.9513451553057443
  },
  "10": {
    "loss": 0.7222853615445998,
    "accuracy": 0.8689320388349514,
    "recall": 0.8689320388349514,
    "f1-score": 0.8531558591007474,
    "precision": 0.859093505010124,
    "auc": 0.94934004153953
  },
  "11": {
    "loss": 0.7256580990495034,
    "accuracy": 0.883495145631068,
    "recall": 0.883495145631068,
    "f1-score": 0.8658938109396894,
    "precision": 0.8724469019910414,
    "auc": 0.941546724086794
  },
  "12": {
    "loss": 0.7127743409675302,
    "accuracy": 0.8737864077669902,
    "recall": 0.8737864077669902,
    "f1-score": 0.8625302242889096,
    "precision": 0.8625969936649549,
    "auc": 0.9450057201947717
  },
  "13": {
    "loss": 0.7206033369869862,
    "accuracy": 0.883495145631068,
    "recall": 0.883495145631068,
    "f1-score": 0.8690082008330627,
    "precision": 0.8764922094344071,
    "auc": 0.9475682397666468
  },
  "14": {
    "loss": 0.7191899303093697,
    "accuracy": 0.8786407766990292,
    "recall": 0.8786407766990292,
    "f1-score": 0.8645461690029478,
    "precision": 0.8719093851132685,
    "auc": 0.9410132855770608
  },
  "15": {
    "loss": 0.7296217795714591,
    "accuracy": 0.8786407766990292,
    "recall": 0.8786407766990292,
    "f1-score": 0.8605323053713446,
    "precision": 0.8707145700292473,
    "auc": 0.9394660993889645
  },
  "16": {
    "loss": 0.743721298222403,
    "accuracy": 0.883495145631068,
    "recall": 0.883495145631068,
    "f1-score": 0.8712738515078844,
    "precision": 0.8789193939004265,
    "auc": 0.936046268371567
  },
  "17": {
    "loss": 0.7593765119904453,
    "accuracy": 0.883495145631068,
    "recall": 0.883495145631068,
    "f1-score": 0.8684902294023037,
    "precision": 0.8783968969201468,
    "auc": 0.9288275600648205
  },
  "18": {
    "loss": 0.736157919018014,
    "accuracy": 0.8883495145631068,
    "recall": 0.8883495145631068,
    "f1-score": 0.8756805346585442,
    "precision": 0.8845092732767137,
    "auc": 0.9297458867809377
  },
  "19": {
    "loss": 0.7354422564645415,
    "accuracy": 0.883495145631068,
    "recall": 0.883495145631068,
    "f1-score": 0.8728350334841909,
    "precision": 0.8805375168777729,
    "auc": 0.9395322405486481
  },
  "20": {
    "loss": 0.7229266513898535,
    "accuracy": 0.8883495145631068,
    "recall": 0.8883495145631068,
    "f1-score": 0.8802560259952938,
    "precision": 0.8853662955604704,
    "auc": 0.9318697118796391
  },
  "21": {
    "loss": 0.762664749784377,
    "accuracy": 0.8786407766990292,
    "recall": 0.8786407766990292,
    "f1-score": 0.8601902108858115,
    "precision": 0.881305920426423,
    "auc": 0.9213339871704532
  },
  "22": {
    "loss": 0.7541470487140914,
    "accuracy": 0.883495145631068,
    "recall": 0.883495145631068,
    "f1-score": 0.8704652560684557,
    "precision": 0.878857158401298,
    "auc": 0.9286608413617914
  }
}