loss,accuracy,precision,recall,f1-score,auc
0.9157348991277905,0.7535128805620609,0.7196617245863761,0.7535128805620609,0.7313492987621826,0.8172592138368676
