{
  "0": {
    "loss": 1.3000901973777967,
    "accuracy": 0.4637002341920375,
    "precision": 0.5034059852611712,
    "recall": 0.4637002341920375,
    "f1-score": 0.4799240684998649,
    "auc": 0.526190968715257
  },
  "1": {
    "loss": 0.8085898671831403,
    "accuracy": 0.8126463700234192,
    "precision": 0.7434654655141933,
    "recall": 0.8126463700234192,
    "f1-score": 0.7698156166807834,
    "auc": 0.8264364006853078
  },
  "2": {
    "loss": 0.6881008678632821,
    "accuracy": 0.7962529274004684,
    "precision": 0.8342053114062999,
    "recall": 0.7962529274004684,
    "f1-score": 0.7903446255621914,
    "auc": 0.8853333853036657
  },
  "3": {
    "loss": 0.5733326399912599,
    "accuracy": 0.8530444964871194,
    "precision": 0.8587365625730441,
    "recall": 0.8530444964871194,
    "f1-score": 0.8486074010068516,
    "auc": 0.9170238534301656
  },
  "4": {
    "loss": 0.6953098558988727,
    "accuracy": 0.8044496487119438,
    "precision": 0.795679476384757,
    "recall": 0.8044496487119438,
    "f1-score": 0.7783228126352898,
    "auc": 0.8699079697561252
  },
  "5": {
    "loss": 0.6904696989673641,
    "accuracy": 0.7980093676814989,
    "precision": 0.8003167033447902,
    "recall": 0.7980093676814989,
    "f1-score": 0.7830340294509973,
    "auc": 0.8724822719692462
  },
  "6": {
    "loss": 0.6252757650069386,
    "accuracy": 0.8384074941451991,
    "precision": 0.8510490267804275,
    "recall": 0.8384074941451991,
    "f1-score": 0.8101599504165761,
    "auc": 0.8881831327004535
  },
  "7": {
    "loss": 0.6239885982361555,
    "accuracy": 0.8296252927400468,
    "precision": 0.8545289558383131,
    "recall": 0.8296252927400468,
    "f1-score": 0.8105065555436969,
    "auc": 0.9143940349136377
  },
  "8": {
    "loss": 0.659131576780413,
    "accuracy": 0.8214285714285714,
    "precision": 0.8803357368142142,
    "recall": 0.8214285714285714,
    "f1-score": 0.8199773001386004,
    "auc": 0.9185796037824372
  },
  "9": {
    "loss": 0.643224800917248,
    "accuracy": 0.8214285714285714,
    "precision": 0.863563758701687,
    "recall": 0.8214285714285714,
    "f1-score": 0.8163151363218164,
    "auc": 0.905417940434719
  },
  "10": {
    "loss": 0.6889684390128357,
    "accuracy": 0.8026932084309133,
    "precision": 0.8377188435669387,
    "recall": 0.8026932084309133,
    "f1-score": 0.7887971427687104,
    "auc": 0.8903025959503952
  },
  "11": {
    "loss": 0.5702048293740185,
    "accuracy": 0.8460187353629977,
    "precision": 0.865290067700993,
    "recall": 0.8460187353629977,
    "f1-score": 0.8362830689029778,
    "auc": 0.9184385267162072
  },
  "12": {
    "loss": 0.5915527373063759,
    "accuracy": 0.8507025761124122,
    "precision": 0.8753941881740386,
    "recall": 0.8507025761124122,
    "f1-score": 0.8293601089149527,
    "auc": 0.9201168831869483
  },
  "13": {
    "loss": 0.6080189867935359,
    "accuracy": 0.8384074941451991,
    "precision": 0.8690242155689404,
    "recall": 0.8384074941451991,
    "f1-score": 0.8295352112309922,
    "auc": 0.9221393765023322
  },
  "14": {
    "loss": 0.5997067594974884,
    "accuracy": 0.8331381733021077,
    "precision": 0.866282774483381,
    "recall": 0.8331381733021077,
    "f1-score": 0.8276914356486265,
    "auc": 0.9255102819805116
  },
  "15": {
    "loss": 0.613571290389157,
    "accuracy": 0.8266978922716628,
    "precision": 0.8540993401141036,
    "recall": 0.8266978922716628,
    "f1-score": 0.8194905644918945,
    "auc": 0.922175159232221
  },
  "16": {
    "loss": 0.6389961629338231,
    "accuracy": 0.8085480093676815,
    "precision": 0.8390214427567656,
    "recall": 0.8085480093676815,
    "f1-score": 0.811595721093331,
    "auc": 0.9256223173762421
  },
  "17": {
    "loss": 0.6085608911458447,
    "accuracy": 0.8343091334894613,
    "precision": 0.880671995393414,
    "recall": 0.8343091334894613,
    "f1-score": 0.8372140143471473,
    "auc": 0.9294653816914356
  },
  "18": {
    "loss": 0.5641089055242248,
    "accuracy": 0.8284543325526932,
    "precision": 0.8584096698323538,
    "recall": 0.8284543325526932,
    "f1-score": 0.837598079204232,
    "auc": 0.9400642018249411
  },
  "19": {
    "loss": 0.6505596570025004,
    "accuracy": 0.8032786885245902,
    "precision": 0.8437323739311952,
    "recall": 0.8032786885245902,
    "f1-score": 0.8133231998474432,
    "auc": 0.9315581271964224
  }
}