{
  "1": {
    "loss": 0.852392815849156,
    "precision": 0.8943384221480342,
    "accuracy": 0.8883495145631068,
    "auc": 0.9111613667838789,
    "f1-score": 0.874580090276688,
    "recall": 0.8883495145631068
  },
  "2": {
    "loss": 0.5036831498146057,
    "precision": 0.9544780667564311,
    "accuracy": 0.9466019417475728,
    "auc": 0.9597640226399623,
    "f1-score": 0.94185818544337,
    "recall": 0.9466019417475728
  },
  "3": {
    "loss": 0.4415377563643224,
    "precision": 0.9595629149238266,
    "accuracy": 0.9563106796116505,
    "auc": 0.9774176986196003,
    "f1-score": 0.9506746812649628,
    "recall": 0.9563106796116505
  },
  "4": {
    "loss": 0.4767069281304924,
    "precision": 0.9605734656589217,
    "accuracy": 0.9563106796116505,
    "auc": 0.9828775551989838,
    "f1-score": 0.9509684765452324,
    "recall": 0.9563106796116505
  },
  "5": {
    "loss": 0.46761387355119277,
    "precision": 0.9622280490397562,
    "accuracy": 0.9660194174757282,
    "auc": 0.9549267495696067,
    "f1-score": 0.9606717917253162,
    "recall": 0.9660194174757282
  },
  "6": {
    "loss": 0.4463186058604601,
    "precision": 0.9675284930350359,
    "accuracy": 0.9660194174757282,
    "auc": 0.9764450559093416,
    "f1-score": 0.960136674350703,
    "recall": 0.9660194174757282
  },
  "7": {
    "loss": 0.46145482491521,
    "precision": 0.9595629149238266,
    "accuracy": 0.9563106796116505,
    "auc": 0.979584315298601,
    "f1-score": 0.9506746812649628,
    "recall": 0.9563106796116505
  },
  "8": {
    "loss": 0.4377998524499171,
    "precision": 0.9675284930350359,
    "accuracy": 0.9660194174757282,
    "auc": 0.9871622666265522,
    "f1-score": 0.960136674350703,
    "recall": 0.9660194174757282
  },
  "9": {
    "loss": 0.45216190467760403,
    "precision": 0.9675284930350359,
    "accuracy": 0.9660194174757282,
    "auc": 0.9720030211101639,
    "f1-score": 0.960136674350703,
    "recall": 0.9660194174757282
  },
  "10": {
    "loss": 0.46502329336786735,
    "precision": 0.9675284930350359,
    "accuracy": 0.9660194174757282,
    "auc": 0.9731488910060339,
    "f1-score": 0.960136674350703,
    "recall": 0.9660194174757282
  },
  "11": {
    "loss": 0.4429381709654354,
    "precision": 0.9721401435204726,
    "accuracy": 0.970873786407767,
    "auc": 0.9724876314162031,
    "f1-score": 0.9649560795191864,
    "recall": 0.970873786407767
  },
  "12": {
    "loss": 0.45639077494445357,
    "precision": 0.9675284930350359,
    "accuracy": 0.9660194174757282,
    "auc": 0.9871622666265525,
    "f1-score": 0.960136674350703,
    "recall": 0.9660194174757282
  },
  "13": {
    "loss": 0.45338506953230184,
    "precision": 0.9675284930350359,
    "accuracy": 0.9660194174757282,
    "auc": 0.9657207416135988,
    "f1-score": 0.960136674350703,
    "recall": 0.9660194174757282
  },
  "14": {
    "loss": 0.4427499221366586,
    "precision": 0.9721401435204726,
    "accuracy": 0.970873786407767,
    "auc": 0.9550509577295291,
    "f1-score": 0.9649560795191864,
    "recall": 0.970873786407767
  },
  "15": {
    "loss": 0.45144342565999446,
    "precision": 0.9721401435204726,
    "accuracy": 0.970873786407767,
    "auc": 0.9627371341657055,
    "f1-score": 0.9649560795191864,
    "recall": 0.970873786407767
  },
  "16": {
    "loss": 0.45608031865462517,
    "precision": 0.9633560473577358,
    "accuracy": 0.9611650485436893,
    "auc": 0.9605931070216783,
    "f1-score": 0.9553797335350734,
    "recall": 0.9611650485436893
  },
  "17": {
    "loss": 0.4518524165292388,
    "precision": 0.9633560473577358,
    "accuracy": 0.9611650485436893,
    "auc": 0.9645075444182586,
    "f1-score": 0.9553797335350734,
    "recall": 0.9611650485436893
  },
  "18": {
    "loss": 0.4242161584710612,
    "precision": 0.9675284930350359,
    "accuracy": 0.9660194174757282,
    "auc": 0.9656443781443781,
    "f1-score": 0.960136674350703,
    "recall": 0.9660194174757282
  },
  "19": {
    "loss": 0.45763298087907067,
    "precision": 0.956099620092866,
    "accuracy": 0.9514563106796117,
    "auc": 0.9534192239549383,
    "f1-score": 0.9460116762893913,
    "recall": 0.9514563106796117
  }
}