loss,accuracy,precision,recall,f1-score,auc
0.6733291166588071,0.8284543325526932,0.8584096698323538,0.8284543325526932,0.837598079204232,0.9400642018249411
