{
  "0": {
    "loss": 1.1773779414576724,
    "accuracy": 0.6042154566744731,
    "precision": 0.4170224474567271,
    "recall": 0.6042154566744731,
    "f1-score": 0.4924957915673595,
    "auc": 0.4475282611129693
  },
  "1": {
    "loss": 1.0087725049717924,
    "accuracy": 0.6498829039812647,
    "precision": 0.5752637654270865,
    "recall": 0.6498829039812647,
    "f1-score": 0.5214197450116562,
    "auc": 0.6716169276778428
  }
}