round,accuracy,auc,f1-score,loss,precision,recall
0,0.6042154566744731,0.4475282611129693,0.4924957915673595,1.1773779414576724,0.4170224474567271,0.6042154566744731
1,0.6498829039812647,0.6716169276778428,0.5214197450116562,1.0087725049717924,0.5752637654270865,0.6498829039812647
