round,accuracy,auc,f1-score,loss,precision,recall
1,0.6650485436893204,0.6432354489585561,0.5516924691681974,1.3142880039307678,0.6392551804086365,0.6650485436893204
