{
  "1": {
    "loss": 1.3142880039307678,
    "recall": 0.6650485436893204,
    "precision": 0.6392551804086365,
    "auc": 0.6432354489585561,
    "accuracy": 0.6650485436893204,
    "f1-score": 0.5516924691681974
  }
}