loss,accuracy,precision,recall,f1-score,auc
1.1179928952692821,0.6498829039812647,0.5752637654270865,0.6498829039812647,0.5214197450116562,0.6716169276778428
