{
  "0": {
    "loss": 1.8539832280447108,
    "accuracy": 0.16393442622950818,
    "precision": 0.05242214060480866,
    "recall": 0.16393442622950818,
    "f1-score": 0.0784705565266665,
    "auc": 0.4564447587911321
  },
  "1": {
    "loss": 1.206417741485167,
    "accuracy": 0.5357142857142857,
    "precision": 0.6780074563942375,
    "recall": 0.5357142857142857,
    "f1-score": 0.5416979780237564,
    "auc": 0.679629798912724
  }
}