round,accuracy,auc,f1-score,loss,precision,recall
0,0.16393442622950818,0.4564447587911321,0.0784705565266665,1.8539832280447108,0.05242214060480866,0.16393442622950818
1,0.5357142857142857,0.679629798912724,0.5416979780237564,1.206417741485167,0.6780074563942375,0.5357142857142857
