{
  "1": {
    "loss": 1.1772898875393913,
    "recall": 0.6407766990291263,
    "f1-score": 0.6435595149187382,
    "auc": 0.7842200293645403,
    "accuracy": 0.6407766990291263,
    "precision": 0.6951265943270512
  }
}