round,accuracy,auc,f1-score,loss,precision,recall
1,0.6407766990291263,0.7842200293645403,0.6435595149187382,1.1772898875393913,0.6951265943270512,0.6407766990291263
