loss,accuracy,precision,recall,f1-score,auc
1.2711266907372576,0.5357142857142857,0.6780074563942375,0.5357142857142857,0.5416979780237564,0.679629798912724
