{
  "0": {
    "loss": 1.3785074113124427,
    "accuracy": 0.23536299765807964,
    "precision": 0.5275356023936235,
    "recall": 0.23536299765807964,
    "f1-score": 0.1455082912868715,
    "auc": 0.4930847500438732
  },
  "1": {
    "loss": 1.066839349911978,
    "accuracy": 0.6873536299765808,
    "precision": 0.6592011880618784,
    "recall": 0.6873536299765808,
    "f1-score": 0.6084235823224904,
    "auc": 0.6346316095260907
  }
}