round,accuracy,auc,f1-score,loss,precision,recall
0,0.23536299765807964,0.4930847500438732,0.1455082912868715,1.3785074113124427,0.5275356023936235,0.23536299765807964
1,0.6873536299765808,0.6346316095260907,0.6084235823224904,1.066839349911978,0.6592011880618784,0.6873536299765808
