{
  "1": {
    "loss": 1.1482355409455531,
    "auc": 0.7293143079652993,
    "precision": 0.6944521497919557,
    "accuracy": 0.7038834951456311,
    "f1-score": 0.6519006356535214,
    "recall": 0.7038834951456311
  }
}