round,accuracy,auc,f1-score,loss,precision,recall
1,0.7038834951456311,0.7293143079652993,0.6519006356535214,1.1482355409455531,0.6944521497919557,0.7038834951456311
