{
  "0": {
    "loss": 1.5322166039178746,
    "accuracy": 0.1920374707259953,
    "precision": 0.04136561673747176,
    "recall": 0.1920374707259953,
    "f1-score": 0.06806892316305244,
    "auc": 0.46901319716118484
  },
  "1": {
    "loss": 0.8257668143971463,
    "accuracy": 0.7827868852459017,
    "precision": 0.7432973346859847,
    "recall": 0.7827868852459017,
    "f1-score": 0.7560695387573259,
    "auc": 0.8615640359774763
  },
  "2": {
    "loss": 0.7530013068777616,
    "accuracy": 0.7675644028103045,
    "precision": 0.8048861544883917,
    "recall": 0.7675644028103045,
    "f1-score": 0.7605442346647792,
    "auc": 0.8802488303832189
  },
  "3": {
    "loss": 0.6690645251396947,
    "accuracy": 0.8056206088992974,
    "precision": 0.8318526090540433,
    "recall": 0.8056206088992974,
    "f1-score": 0.7921092780478528,
    "auc": 0.8816147094028447
  },
  "4": {
    "loss": 0.6673447654453876,
    "accuracy": 0.8126463700234192,
    "precision": 0.8333309493503549,
    "recall": 0.8126463700234192,
    "f1-score": 0.8005587267505354,
    "auc": 0.8765891638199482
  },
  "5": {
    "loss": 0.6834862127516252,
    "accuracy": 0.8050351288056206,
    "precision": 0.8378113813593153,
    "recall": 0.8050351288056206,
    "f1-score": 0.8130700515699019,
    "auc": 0.9038021612300354
  },
  "6": {
    "loss": 0.6659463843640455,
    "accuracy": 0.8062060889929742,
    "precision": 0.8469410973884403,
    "recall": 0.8062060889929742,
    "f1-score": 0.8084428049859663,
    "auc": 0.9128957091630444
  },
  "7": {
    "loss": 0.6129441527209182,
    "accuracy": 0.8266978922716628,
    "precision": 0.835187543059046,
    "recall": 0.8266978922716628,
    "f1-score": 0.8204672526304038,
    "auc": 0.9035146233929731
  },
  "8": {
    "loss": 0.6001657582557732,
    "accuracy": 0.8483606557377049,
    "precision": 0.8610867213420679,
    "recall": 0.8483606557377049,
    "f1-score": 0.826185347842871,
    "auc": 0.8893898949704487
  },
  "9": {
    "loss": 0.5739282001097811,
    "accuracy": 0.8565573770491803,
    "precision": 0.8557908582155231,
    "recall": 0.8565573770491803,
    "f1-score": 0.843362941649254,
    "auc": 0.9096764234479346
  },
  "10": {
    "loss": 0.5741804565283398,
    "accuracy": 0.844847775175644,
    "precision": 0.8561306772774422,
    "recall": 0.844847775175644,
    "f1-score": 0.8402359856258206,
    "auc": 0.919373127149487
  }
}