{
  "1": {
    "loss": 0.7399995002931762,
    "recall": 0.9174757281553398,
    "auc": 0.9700277993649289,
    "precision": 0.9289962981071456,
    "f1-score": 0.9112863276872877,
    "accuracy": 0.9174757281553398
  },
  "2": {
    "loss": 0.5230069432443786,
    "recall": 0.8932038834951457,
    "auc": 0.9814713095893989,
    "precision": 0.9239916098894937,
    "f1-score": 0.8893938702003047,
    "accuracy": 0.8932038834951457
  },
  "3": {
    "loss": 0.4585497755448795,
    "recall": 0.9466019417475728,
    "auc": 0.9638083120225976,
    "precision": 0.9527215765478468,
    "f1-score": 0.9416359994901561,
    "accuracy": 0.9466019417475728
  },
  "4": {
    "loss": 0.4665220316173961,
    "recall": 0.9466019417475728,
    "auc": 0.9659300882515167,
    "precision": 0.9527215765478468,
    "f1-score": 0.9416359994901561,
    "accuracy": 0.9466019417475728
  },
  "5": {
    "loss": 0.4196214155086036,
    "recall": 0.9611650485436893,
    "auc": 0.9811388498888498,
    "precision": 0.9638648045272832,
    "f1-score": 0.9556466017170954,
    "accuracy": 0.9611650485436893
  },
  "6": {
    "loss": 0.4620910952392134,
    "recall": 0.9466019417475728,
    "auc": 0.9764186264186262,
    "precision": 0.9463908822287883,
    "f1-score": 0.9414728998395474,
    "accuracy": 0.9466019417475728
  },
  "7": {
    "loss": 0.4395375454310075,
    "recall": 0.9660194174757282,
    "auc": 0.9733565662137091,
    "precision": 0.9675284930350359,
    "f1-score": 0.960136674350703,
    "accuracy": 0.9660194174757282
  },
  "8": {
    "loss": 0.4593139232941044,
    "recall": 0.970873786407767,
    "auc": 0.9652869010011865,
    "precision": 0.9721401435204726,
    "f1-score": 0.9649560795191864,
    "accuracy": 0.970873786407767
  },
  "9": {
    "loss": 0.452069053950819,
    "recall": 0.9611650485436893,
    "auc": 0.9652415634558491,
    "precision": 0.9633560473577358,
    "f1-score": 0.9553797335350734,
    "accuracy": 0.9611650485436893
  },
  "10": {
    "loss": 0.43821189010027545,
    "recall": 0.970873786407767,
    "auc": 0.9687072740644168,
    "precision": 0.9721401435204726,
    "f1-score": 0.9649560795191864,
    "accuracy": 0.970873786407767
  }
}