loss,accuracy,precision,recall,f1-score,auc
1.0996688027850916,0.6721311475409836,0.7102693350675297,0.6721311475409836,0.6812793817194445,0.7682774524381405
