loss,accuracy,precision,recall,f1-score,auc
0.8098115431061952,0.800351288056206,0.8265192702448165,0.800351288056206,0.8077884357487919,0.9014560056137936
