{
  "0": {
    "loss": 1.547275289439485,
    "accuracy": 0.202576112412178,
    "precision": 0.054539499318078645,
    "recall": 0.202576112412178,
    "f1-score": 0.07123707209142266,
    "auc": 0.5509853310145978
  },
  "1": {
    "loss": 0.8339972715187967,
    "accuracy": 0.781615925058548,
    "precision": 0.7456990149466048,
    "recall": 0.781615925058548,
    "f1-score": 0.755832169068232,
    "auc": 0.8041563661980465
  },
  "2": {
    "loss": 0.7032587500310893,
    "accuracy": 0.7546838407494145,
    "precision": 0.7760785714452659,
    "recall": 0.7546838407494145,
    "f1-score": 0.7533183266199905,
    "auc": 0.8960422612225593
  },
  "3": {
    "loss": 0.763552623973239,
    "accuracy": 0.7482435597189696,
    "precision": 0.7765934233007775,
    "recall": 0.7482435597189696,
    "f1-score": 0.7473826147882001,
    "auc": 0.8980523585132354
  },
  "4": {
    "loss": 0.6685466720292942,
    "accuracy": 0.7909836065573771,
    "precision": 0.7852616558649045,
    "recall": 0.7909836065573771,
    "f1-score": 0.7811742021126983,
    "auc": 0.8980071266512308
  },
  "5": {
    "loss": 0.6747055839598877,
    "accuracy": 0.7956674473067916,
    "precision": 0.7754766787186087,
    "recall": 0.7956674473067916,
    "f1-score": 0.7814671962956319,
    "auc": 0.8748349769188951
  },
  "6": {
    "loss": 0.7090118791236252,
    "accuracy": 0.7868852459016393,
    "precision": 0.7822298249593912,
    "recall": 0.7868852459016393,
    "f1-score": 0.7785634662480483,
    "auc": 0.8733480940815369
  },
  "7": {
    "loss": 0.6557578446574736,
    "accuracy": 0.8062060889929742,
    "precision": 0.827006767492729,
    "recall": 0.8062060889929742,
    "f1-score": 0.805249374903488,
    "auc": 0.9059792811046761
  },
  "8": {
    "loss": 0.6350611721185108,
    "accuracy": 0.8220140515222483,
    "precision": 0.8270175275610587,
    "recall": 0.8220140515222483,
    "f1-score": 0.8146678422046121,
    "auc": 0.8898008260262765
  },
  "9": {
    "loss": 0.6659157156106739,
    "accuracy": 0.8015222482435597,
    "precision": 0.8130032291517766,
    "recall": 0.8015222482435597,
    "f1-score": 0.801623586082093,
    "auc": 0.8923565876705496
  },
  "10": {
    "loss": 0.6501855996788525,
    "accuracy": 0.8108899297423887,
    "precision": 0.8215668828560515,
    "recall": 0.8108899297423887,
    "f1-score": 0.8087228036558398,
    "auc": 0.9075533121248777
  },
  "11": {
    "loss": 0.6254211415730818,
    "accuracy": 0.8179156908665105,
    "precision": 0.8169869560679028,
    "recall": 0.8179156908665105,
    "f1-score": 0.8120460452288911,
    "auc": 0.9031194447162302
  },
  "12": {
    "loss": 0.6292567435974817,
    "accuracy": 0.8114754098360656,
    "precision": 0.8171364217182029,
    "recall": 0.8114754098360656,
    "f1-score": 0.8095811337977893,
    "auc": 0.9145729909942736
  },
  "13": {
    "loss": 0.6127392204360604,
    "accuracy": 0.8231850117096019,
    "precision": 0.8195491653475161,
    "recall": 0.8231850117096019,
    "f1-score": 0.8158303217064479,
    "auc": 0.9085658335613257
  },
  "14": {
    "loss": 0.6586736227086891,
    "accuracy": 0.8097189695550351,
    "precision": 0.8070854565473877,
    "recall": 0.8097189695550351,
    "f1-score": 0.7984873206893612,
    "auc": 0.8985348759591107
  },
  "15": {
    "loss": 0.5894839159219549,
    "accuracy": 0.8237704918032787,
    "precision": 0.832229799464569,
    "recall": 0.8237704918032787,
    "f1-score": 0.8227010852806849,
    "auc": 0.9227113500292166
  },
  "16": {
    "loss": 0.5943285591848003,
    "accuracy": 0.8313817330210773,
    "precision": 0.8378099795812252,
    "recall": 0.8313817330210773,
    "f1-score": 0.8244278190819051,
    "auc": 0.9208219894022371
  }
}