{
  "1": {
    "loss": 0.7707671204816948,
    "accuracy": 0.912621359223301,
    "precision": 0.9213626179645598,
    "recall": 0.912621359223301,
    "auc": 0.910809424636271,
    "f1-score": 0.9050613733829286
  },
  "2": {
    "loss": 0.5092487965972678,
    "accuracy": 0.9320388349514563,
    "precision": 0.9318631445916895,
    "recall": 0.9320388349514563,
    "auc": 0.9578343483391029,
    "f1-score": 0.9279614324408226
  },
  "3": {
    "loss": 0.5324085100183209,
    "accuracy": 0.9077669902912622,
    "precision": 0.9293019952969663,
    "recall": 0.9077669902912622,
    "auc": 0.9532008096139012,
    "f1-score": 0.9036026156850556
  },
  "4": {
    "loss": 0.49901038292542244,
    "accuracy": 0.9466019417475728,
    "precision": 0.9503152634737019,
    "recall": 0.9466019417475728,
    "auc": 0.9601775350642002,
    "f1-score": 0.9406096045587765
  },
  "5": {
    "loss": 0.4874125643841271,
    "accuracy": 0.9660194174757282,
    "precision": 0.9677306698330657,
    "recall": 0.9660194174757282,
    "auc": 0.9269062661919804,
    "f1-score": 0.9573096627157459
  },
  "6": {
    "loss": 0.4646243704754172,
    "accuracy": 0.9563106796116505,
    "precision": 0.9591532111520691,
    "recall": 0.9563106796116505,
    "auc": 0.96194456283742,
    "f1-score": 0.9508646860526986
  },
  "7": {
    "loss": 0.47203149899695684,
    "accuracy": 0.941747572815534,
    "precision": 0.9482816237512312,
    "recall": 0.941747572815534,
    "auc": 0.9635242733457021,
    "f1-score": 0.9366350167672998
  },
  "8": {
    "loss": 0.46875221868163175,
    "accuracy": 0.9611650485436893,
    "precision": 0.9633560473577358,
    "recall": 0.9611650485436893,
    "auc": 0.9445628374199802,
    "f1-score": 0.9553797335350734
  },
  "9": {
    "loss": 0.45641755045038984,
    "accuracy": 0.9611650485436893,
    "precision": 0.9631526907410971,
    "recall": 0.9611650485436893,
    "auc": 0.9570195891624464,
    "f1-score": 0.9554549684409681
  },
  "10": {
    "loss": 0.4723235791169324,
    "accuracy": 0.9611650485436893,
    "precision": 0.9633560473577358,
    "recall": 0.9611650485436893,
    "auc": 0.9691269534452861,
    "f1-score": 0.9553797335350734
  },
  "11": {
    "loss": 0.4553517007712022,
    "accuracy": 0.9660194174757282,
    "precision": 0.9673251364183971,
    "recall": 0.9660194174757282,
    "auc": 0.9698602475388189,
    "f1-score": 0.9601561261611067
  },
  "12": {
    "loss": 0.45027029658984213,
    "accuracy": 0.9611650485436893,
    "precision": 0.9631526907410971,
    "recall": 0.9611650485436893,
    "auc": 0.9795327098898529,
    "f1-score": 0.9554549684409681
  },
  "13": {
    "loss": 0.456187804925789,
    "accuracy": 0.9660194174757282,
    "precision": 0.9675284930350359,
    "recall": 0.9660194174757282,
    "auc": 0.9689854627354627,
    "f1-score": 0.960136674350703
  },
  "14": {
    "loss": 0.47279949905802904,
    "accuracy": 0.9611650485436893,
    "precision": 0.9631526907410971,
    "recall": 0.9611650485436893,
    "auc": 0.9408790051647193,
    "f1-score": 0.9554549684409681
  },
  "15": {
    "loss": 0.45084912626488693,
    "accuracy": 0.9660194174757282,
    "precision": 0.9675284930350359,
    "recall": 0.9660194174757282,
    "auc": 0.97044556151699,
    "f1-score": 0.960136674350703
  },
  "16": {
    "loss": 0.45855590180285927,
    "accuracy": 0.9660194174757282,
    "precision": 0.9675284930350359,
    "recall": 0.9660194174757282,
    "auc": 0.9698023742666599,
    "f1-score": 0.960136674350703
  }
}