loss,accuracy,precision,recall,f1-score,auc
0.7412678770354537,0.8114754098360656,0.8171364217182029,0.8114754098360656,0.8095811337977893,0.9145729909942736
