{
  "0": {
    "loss": 1.2756266055118284,
    "accuracy": 0.4853629976580796,
    "precision": 0.43534886898198805,
    "recall": 0.4853629976580796,
    "f1-score": 0.45838644596419104,
    "auc": 0.45228390229682125
  },
  "1": {
    "loss": 0.7983496997339664,
    "accuracy": 0.7740046838407494,
    "precision": 0.7404977633807208,
    "recall": 0.7740046838407494,
    "f1-score": 0.7499984130927646,
    "auc": 0.8537796896338447
  },
  "2": {
    "loss": 0.7467103862929958,
    "accuracy": 0.7669789227166276,
    "precision": 0.8089267221851195,
    "recall": 0.7669789227166276,
    "f1-score": 0.7591427872583784,
    "auc": 0.8862842300716575
  },
  "3": {
    "loss": 0.664041846641612,
    "accuracy": 0.8073770491803278,
    "precision": 0.8360316235596807,
    "recall": 0.8073770491803278,
    "f1-score": 0.7887014749738896,
    "auc": 0.8985701668297787
  },
  "4": {
    "loss": 0.6859498398086227,
    "accuracy": 0.8032786885245902,
    "precision": 0.851832464451486,
    "recall": 0.8032786885245902,
    "f1-score": 0.8067590956251076,
    "auc": 0.9079211193827386
  },
  "5": {
    "loss": 0.6858775340003208,
    "accuracy": 0.8044496487119438,
    "precision": 0.8326617438056736,
    "recall": 0.8044496487119438,
    "f1-score": 0.7920392261145096,
    "auc": 0.8793156357464018
  },
  "6": {
    "loss": 0.64637862142411,
    "accuracy": 0.8208430913348946,
    "precision": 0.832488912851137,
    "recall": 0.8208430913348946,
    "f1-score": 0.814032137187855,
    "auc": 0.8866746808980747
  },
  "7": {
    "loss": 0.6162011321869612,
    "accuracy": 0.8261124121779859,
    "precision": 0.8273240469076378,
    "recall": 0.8261124121779859,
    "f1-score": 0.8212905149661092,
    "auc": 0.9049167821933239
  },
  "8": {
    "loss": 0.6408887938956187,
    "accuracy": 0.8185011709601874,
    "precision": 0.8190510651608935,
    "recall": 0.8185011709601874,
    "f1-score": 0.8117403284250504,
    "auc": 0.8912707396680531
  },
  "9": {
    "loss": 0.6788752603865899,
    "accuracy": 0.8021077283372365,
    "precision": 0.8155423555871361,
    "recall": 0.8021077283372365,
    "f1-score": 0.8002175070111468,
    "auc": 0.900980072830549
  },
  "10": {
    "loss": 0.631013781600032,
    "accuracy": 0.8272833723653396,
    "precision": 0.830322021412891,
    "recall": 0.8272833723653396,
    "f1-score": 0.8184159464780181,
    "auc": 0.8919845622030101
  },
  "11": {
    "loss": 0.6595763555734442,
    "accuracy": 0.8073770491803278,
    "precision": 0.839884260533082,
    "recall": 0.8073770491803278,
    "f1-score": 0.8074734836269528,
    "auc": 0.9066285959137739
  },
  "12": {
    "loss": 0.6457833180801651,
    "accuracy": 0.8097189695550351,
    "precision": 0.8383223855032459,
    "recall": 0.8097189695550351,
    "f1-score": 0.8069667663805337,
    "auc": 0.9114832481878887
  },
  "13": {
    "loss": 0.629911085900434,
    "accuracy": 0.8155737704918032,
    "precision": 0.8491051170409991,
    "recall": 0.8155737704918032,
    "f1-score": 0.8207812732998194,
    "auc": 0.9186723267176204
  },
  "14": {
    "loss": 0.6350839698482174,
    "accuracy": 0.8149882903981265,
    "precision": 0.8402472655208719,
    "recall": 0.8149882903981265,
    "f1-score": 0.8165015018746924,
    "auc": 0.9100520385993214
  },
  "15": {
    "loss": 0.6452078836025622,
    "accuracy": 0.8126463700234192,
    "precision": 0.8348302721695324,
    "recall": 0.8126463700234192,
    "f1-score": 0.8128286220708723,
    "auc": 0.9072031806631236
  },
  "16": {
    "loss": 0.6333721982232301,
    "accuracy": 0.8190866510538641,
    "precision": 0.835743492562826,
    "recall": 0.8190866510538641,
    "f1-score": 0.8122321173207752,
    "auc": 0.9064772346716663
  },
  "17": {
    "loss": 0.6667229305664885,
    "accuracy": 0.8062060889929742,
    "precision": 0.8280985391451418,
    "recall": 0.8062060889929742,
    "f1-score": 0.8059483773928646,
    "auc": 0.9062505229509579
  },
  "18": {
    "loss": 0.6524878356440006,
    "accuracy": 0.8138173302107728,
    "precision": 0.8454509402689997,
    "recall": 0.8138173302107728,
    "f1-score": 0.8196541049315537,
    "auc": 0.9231774057065808
  }
}