{
  "1": {
    "loss": 0.733757148668604,
    "auc": 0.9296406791735184,
    "f1-score": 0.9201642453251007,
    "recall": 0.9320388349514563,
    "precision": 0.9364282784083139,
    "accuracy": 0.9320388349514563
  },
  "2": {
    "loss": 0.49036926204718434,
    "auc": 0.9699272758372713,
    "f1-score": 0.94185818544337,
    "recall": 0.9466019417475728,
    "precision": 0.9544780667564311,
    "accuracy": 0.9466019417475728
  },
  "3": {
    "loss": 0.47732411947065184,
    "auc": 0.9647404351628145,
    "f1-score": 0.9460116762893913,
    "recall": 0.9514563106796117,
    "precision": 0.956099620092866,
    "accuracy": 0.9514563106796117
  },
  "4": {
    "loss": 0.4694663401946281,
    "auc": 0.9676381854953283,
    "f1-score": 0.9464001385163949,
    "recall": 0.9514563106796117,
    "precision": 0.9573987787305411,
    "accuracy": 0.9514563106796117
  },
  "5": {
    "loss": 0.47479064805993754,
    "auc": 0.9572276822276822,
    "f1-score": 0.9553797335350734,
    "recall": 0.9611650485436893,
    "precision": 0.9633560473577358,
    "accuracy": 0.9611650485436893
  },
  "6": {
    "loss": 0.4435408867678596,
    "auc": 0.9714932348860921,
    "f1-score": 0.9649560795191864,
    "recall": 0.970873786407767,
    "precision": 0.9721401435204726,
    "accuracy": 0.970873786407767
  },
  "7": {
    "loss": 0.44342374107212695,
    "auc": 0.9697549474335189,
    "f1-score": 0.9649560795191864,
    "recall": 0.970873786407767,
    "precision": 0.9721401435204726,
    "accuracy": 0.970873786407767
  },
  "8": {
    "loss": 0.45641308415283277,
    "auc": 0.9482148080362365,
    "f1-score": 0.9649560795191864,
    "recall": 0.970873786407767,
    "precision": 0.9721401435204726,
    "accuracy": 0.970873786407767
  },
  "9": {
    "loss": 0.45810515498652044,
    "auc": 0.9541907979407981,
    "f1-score": 0.9553797335350734,
    "recall": 0.9611650485436893,
    "precision": 0.9633560473577358,
    "accuracy": 0.9611650485436893
  },
  "10": {
    "loss": 0.4621725530879011,
    "auc": 0.9185286399572117,
    "f1-score": 0.960136674350703,
    "recall": 0.9660194174757282,
    "precision": 0.9675284930350359,
    "accuracy": 0.9660194174757282
  },
  "11": {
    "loss": 0.4587826103840059,
    "auc": 0.9559694086479803,
    "f1-score": 0.9553797335350734,
    "recall": 0.9611650485436893,
    "precision": 0.9633560473577358,
    "accuracy": 0.9611650485436893
  },
  "12": {
    "loss": 0.46276021235197495,
    "auc": 0.9691146851861137,
    "f1-score": 0.9553797335350734,
    "recall": 0.9611650485436893,
    "precision": 0.9633560473577358,
    "accuracy": 0.9611650485436893
  },
  "13": {
    "loss": 0.43959537351015704,
    "auc": 0.9708781485567203,
    "f1-score": 0.9649560795191864,
    "recall": 0.970873786407767,
    "precision": 0.9721401435204726,
    "accuracy": 0.970873786407767
  },
  "14": {
    "loss": 0.44849370058300425,
    "auc": 0.9552838088552374,
    "f1-score": 0.9649560795191864,
    "recall": 0.970873786407767,
    "precision": 0.9721401435204726,
    "accuracy": 0.970873786407767
  },
  "15": {
    "loss": 0.4487513668328813,
    "auc": 0.9437946062946062,
    "f1-score": 0.9649560795191864,
    "recall": 0.970873786407767,
    "precision": 0.9721401435204726,
    "accuracy": 0.970873786407767
  },
  "16": {
    "loss": 0.45862828990788135,
    "auc": 0.9358239733239734,
    "f1-score": 0.9649560795191864,
    "recall": 0.970873786407767,
    "precision": 0.9721401435204726,
    "accuracy": 0.970873786407767
  },
  "17": {
    "loss": 0.45223503089645534,
    "auc": 0.936715994751709,
    "f1-score": 0.9649560795191864,
    "recall": 0.970873786407767,
    "precision": 0.9721401435204726,
    "accuracy": 0.970873786407767
  },
  "18": {
    "loss": 0.4309837120829277,
    "auc": 0.9677347105918536,
    "f1-score": 0.9649202651873457,
    "recall": 0.970873786407767,
    "precision": 0.9720023386010914,
    "accuracy": 0.970873786407767
  }
}