loss,accuracy,precision,recall,f1-score,auc
0.7627492921134628,0.8138173302107728,0.8454509402689997,0.8138173302107728,0.8196541049315537,0.9231774057065808
