{
  "0": {
    "loss": 1.5373818053573858,
    "accuracy": 0.10421545667447307,
    "precision": 0.018394607387581627,
    "recall": 0.10421545667447307,
    "f1-score": 0.02062140521635774,
    "auc": 0.5078808481105694
  },
  "1": {
    "loss": 0.820862883008336,
    "accuracy": 0.8237704918032787,
    "precision": 0.7392667789617134,
    "recall": 0.8237704918032787,
    "f1-score": 0.7771272664726163,
    "auc": 0.7897131893807118
  },
  "2": {
    "loss": 0.6859635206798759,
    "accuracy": 0.7663934426229508,
    "precision": 0.768690868679933,
    "recall": 0.7663934426229508,
    "f1-score": 0.7624929810166512,
    "auc": 0.8927224374657076
  },
  "3": {
    "loss": 0.7469473687770495,
    "accuracy": 0.7622950819672131,
    "precision": 0.7747097889132875,
    "recall": 0.7622950819672131,
    "f1-score": 0.7623434952376315,
    "auc": 0.8986104540154487
  },
  "4": {
    "loss": 0.6792865209892148,
    "accuracy": 0.7792740046838408,
    "precision": 0.7906755740011264,
    "recall": 0.7792740046838408,
    "f1-score": 0.7793460470009079,
    "auc": 0.9031882367056261
  },
  "5": {
    "loss": 0.6412375297842317,
    "accuracy": 0.800351288056206,
    "precision": 0.8095732351052526,
    "recall": 0.800351288056206,
    "f1-score": 0.7997252678281607,
    "auc": 0.9082692635151751
  },
  "6": {
    "loss": 0.7136870328101397,
    "accuracy": 0.7833723653395784,
    "precision": 0.806569574551132,
    "recall": 0.7833723653395784,
    "f1-score": 0.785817549859898,
    "auc": 0.9019057847068451
  },
  "7": {
    "loss": 0.7017535874380161,
    "accuracy": 0.7681498829039812,
    "precision": 0.7942619270627694,
    "recall": 0.7681498829039812,
    "f1-score": 0.7764805580110261,
    "auc": 0.9071018541805013
  },
  "8": {
    "loss": 0.686940388252361,
    "accuracy": 0.7845433255269321,
    "precision": 0.7993635243677494,
    "recall": 0.7845433255269321,
    "f1-score": 0.7853036639036164,
    "auc": 0.8945965340261034
  },
  "9": {
    "loss": 0.6766188467135195,
    "accuracy": 0.7798594847775175,
    "precision": 0.8040702210080658,
    "recall": 0.7798594847775175,
    "f1-score": 0.786966966217238,
    "auc": 0.9126873531454532
  },
  "10": {
    "loss": 0.6408903724415799,
    "accuracy": 0.8126463700234192,
    "precision": 0.8215640016657692,
    "recall": 0.8126463700234192,
    "f1-score": 0.8097487381537528,
    "auc": 0.9177584161396485
  },
  "11": {
    "loss": 0.654994151561545,
    "accuracy": 0.8015222482435597,
    "precision": 0.8120432824216476,
    "recall": 0.8015222482435597,
    "f1-score": 0.8017827226184401,
    "auc": 0.9142876289479056
  },
  "12": {
    "loss": 0.5962864899663233,
    "accuracy": 0.8272833723653396,
    "precision": 0.835208969961676,
    "recall": 0.8272833723653396,
    "f1-score": 0.8246445934347396,
    "auc": 0.9230843089794816
  },
  "13": {
    "loss": 0.6298080379845666,
    "accuracy": 0.8050351288056206,
    "precision": 0.8338818990434842,
    "recall": 0.8050351288056206,
    "f1-score": 0.8122317027150601,
    "auc": 0.922428915770195
  },
  "14": {
    "loss": 0.6540411931290281,
    "accuracy": 0.794496487119438,
    "precision": 0.8258744730847041,
    "recall": 0.794496487119438,
    "f1-score": 0.8042228081976778,
    "auc": 0.9198640157948463
  },
  "15": {
    "loss": 0.6444266343563446,
    "accuracy": 0.8021077283372365,
    "precision": 0.8145492487713,
    "recall": 0.8021077283372365,
    "f1-score": 0.8042576127121983,
    "auc": 0.9172620425709719
  },
  "16": {
    "loss": 0.6215963471131246,
    "accuracy": 0.8272833723653396,
    "precision": 0.8166754073926655,
    "recall": 0.8272833723653396,
    "f1-score": 0.8155752385753099,
    "auc": 0.9170616606282861
  },
  "17": {
    "loss": 0.6487845560007967,
    "accuracy": 0.8067915690866511,
    "precision": 0.8133487490932338,
    "recall": 0.8067915690866511,
    "f1-score": 0.8033271581594024,
    "auc": 0.9169327224529947
  },
  "18": {
    "loss": 0.6243263023100636,
    "accuracy": 0.8155737704918032,
    "precision": 0.8212532997384772,
    "recall": 0.8155737704918032,
    "f1-score": 0.8118249985891172,
    "auc": 0.9223011866329238
  },
  "19": {
    "loss": 0.6588345468742227,
    "accuracy": 0.8079625292740047,
    "precision": 0.8278394122258053,
    "recall": 0.8079625292740047,
    "f1-score": 0.8044795068011137,
    "auc": 0.9200354486819738
  },
  "20": {
    "loss": 0.6532799810938869,
    "accuracy": 0.8091334894613583,
    "precision": 0.8245758774434072,
    "recall": 0.8091334894613583,
    "f1-score": 0.8045447075284943,
    "auc": 0.9168071923489125
  },
  "21": {
    "loss": 0.6337620819759592,
    "accuracy": 0.8155737704918032,
    "precision": 0.8272979624542633,
    "recall": 0.8155737704918032,
    "f1-score": 0.8109431033472854,
    "auc": 0.9248946477269295
  },
  "22": {
    "loss": 0.6548593339512443,
    "accuracy": 0.7985948477751756,
    "precision": 0.8173621684268013,
    "recall": 0.7985948477751756,
    "f1-score": 0.8014687935189378,
    "auc": 0.9257625196666861
  }
}