{
  "1": {
    "loss": 0.8162449852934162,
    "auc": 0.9480048498126783,
    "recall": 0.9174757281553398,
    "precision": 0.9222792455191946,
    "accuracy": 0.9174757281553398,
    "f1-score": 0.8999842400176703
  },
  "2": {
    "loss": 0.4605217136225654,
    "auc": 0.9865842066168248,
    "recall": 0.9514563106796117,
    "precision": 0.9467651138125153,
    "accuracy": 0.9514563106796117,
    "f1-score": 0.947024146698107
  },
  "3": {
    "loss": 0.46381727237145876,
    "auc": 0.9810121345835632,
    "recall": 0.9563106796116505,
    "precision": 0.9591532111520691,
    "accuracy": 0.9563106796116505,
    "f1-score": 0.9508646860526986
  },
  "4": {
    "loss": 0.4564021753454671,
    "auc": 0.9656477210048638,
    "recall": 0.9660194174757282,
    "precision": 0.9675284930350359,
    "accuracy": 0.9660194174757282,
    "f1-score": 0.960136674350703
  },
  "5": {
    "loss": 0.4603145354002425,
    "auc": 0.964957942636514,
    "recall": 0.970873786407767,
    "precision": 0.9721401435204726,
    "accuracy": 0.970873786407767,
    "f1-score": 0.9649560795191864
  },
  "6": {
    "loss": 0.4631058643165144,
    "auc": 0.9514581139581139,
    "recall": 0.9611650485436893,
    "precision": 0.9633560473577358,
    "accuracy": 0.9611650485436893,
    "f1-score": 0.9553797335350734
  },
  "7": {
    "loss": 0.44549682360250975,
    "auc": 0.9664344423272996,
    "recall": 0.970873786407767,
    "precision": 0.9721401435204726,
    "accuracy": 0.970873786407767,
    "f1-score": 0.9649560795191864
  },
  "8": {
    "loss": 0.47224655313399233,
    "auc": 0.9409704115061256,
    "recall": 0.9611650485436893,
    "precision": 0.9631190193476288,
    "accuracy": 0.9611650485436893,
    "f1-score": 0.9553144896040678
  },
  "9": {
    "loss": 0.4600005887665795,
    "auc": 0.9534997659997662,
    "recall": 0.9660194174757282,
    "precision": 0.9675284930350359,
    "accuracy": 0.9660194174757282,
    "f1-score": 0.960136674350703
  },
  "10": {
    "loss": 0.47363577132086154,
    "auc": 0.9576338397766968,
    "recall": 0.9563106796116505,
    "precision": 0.9587725381414703,
    "accuracy": 0.9563106796116505,
    "f1-score": 0.9504515978058189
  },
  "11": {
    "loss": 0.4567199916515535,
    "auc": 0.9545965376322519,
    "recall": 0.970873786407767,
    "precision": 0.9721401435204726,
    "accuracy": 0.970873786407767,
    "f1-score": 0.9649560795191864
  },
  "12": {
    "loss": 0.4477273428324357,
    "auc": 0.9793485391699678,
    "recall": 0.9660194174757282,
    "precision": 0.9677306698330657,
    "accuracy": 0.9660194174757282,
    "f1-score": 0.9601896778680422
  },
  "13": {
    "loss": 0.45644487975870524,
    "auc": 0.97301799712514,
    "recall": 0.9563106796116505,
    "precision": 0.9587725381414703,
    "accuracy": 0.9563106796116505,
    "f1-score": 0.9504515978058189
  },
  "14": {
    "loss": 0.441284459192776,
    "auc": 0.9714865491651207,
    "recall": 0.9660194174757282,
    "precision": 0.9675284930350359,
    "accuracy": 0.9660194174757282,
    "f1-score": 0.960136674350703
  },
  "15": {
    "loss": 0.44630261734851356,
    "auc": 0.9753961289675575,
    "recall": 0.970873786407767,
    "precision": 0.9721401435204726,
    "accuracy": 0.970873786407767,
    "f1-score": 0.9649560795191864
  },
  "16": {
    "loss": 0.44581056914283235,
    "auc": 0.9835279504922362,
    "recall": 0.970873786407767,
    "precision": 0.9721401435204726,
    "accuracy": 0.970873786407767,
    "f1-score": 0.9649560795191864
  },
  "17": {
    "loss": 0.44537164372147864,
    "auc": 0.9774558533487107,
    "recall": 0.970873786407767,
    "precision": 0.9721401435204726,
    "accuracy": 0.970873786407767,
    "f1-score": 0.9649560795191864
  },
  "18": {
    "loss": 0.44614979595813936,
    "auc": 0.9864955748884321,
    "recall": 0.970873786407767,
    "precision": 0.9721401435204726,
    "accuracy": 0.970873786407767,
    "f1-score": 0.9649560795191864
  },
  "19": {
    "loss": 0.46040981139951537,
    "auc": 0.9656611969111968,
    "recall": 0.9660194174757282,
    "precision": 0.9675284930350359,
    "accuracy": 0.9660194174757282,
    "f1-score": 0.960136674350703
  },
  "20": {
    "loss": 0.45050360016452456,
    "auc": 0.9488379381236526,
    "recall": 0.9660194174757282,
    "precision": 0.9675284930350359,
    "accuracy": 0.9660194174757282,
    "f1-score": 0.960136674350703
  },
  "21": {
    "loss": 0.4515842147243833,
    "auc": 0.9743744672316101,
    "recall": 0.970873786407767,
    "precision": 0.9721401435204726,
    "accuracy": 0.970873786407767,
    "f1-score": 0.9649560795191864
  },
  "22": {
    "loss": 0.4512005607479984,
    "auc": 0.9691897950826522,
    "recall": 0.970873786407767,
    "precision": 0.9721401435204726,
    "accuracy": 0.970873786407767,
    "f1-score": 0.9649560795191864
  }
}