loss,accuracy,precision,recall,f1-score,auc
0.7653989371706228,0.794496487119438,0.8258744730847041,0.794496487119438,0.8042228081976778,0.9198640157948463
