{
  "0": {
    "loss": 1.3988569480753057,
    "accuracy": 0.1053864168618267,
    "precision": 0.4829356262916641,
    "recall": 0.1053864168618267,
    "f1-score": 0.10206391994674908,
    "auc": 0.6087285710853145
  },
  "1": {
    "loss": 0.7260277786355387,
    "accuracy": 0.8220140515222483,
    "precision": 0.7580381794776848,
    "recall": 0.8220140515222483,
    "f1-score": 0.772460799694013,
    "auc": 0.8807781890829092
  },
  "2": {
    "loss": 0.6808502484261292,
    "accuracy": 0.7839578454332553,
    "precision": 0.8472280615784215,
    "recall": 0.7839578454332553,
    "f1-score": 0.7761618614588791,
    "auc": 0.9057463536344558
  },
  "3": {
    "loss": 0.6476766159997891,
    "accuracy": 0.8079625292740047,
    "precision": 0.8535510937845285,
    "recall": 0.8079625292740047,
    "f1-score": 0.8007907533564328,
    "auc": 0.9111278675776906
  },
  "4": {
    "loss": 0.6015230521943586,
    "accuracy": 0.8313817330210773,
    "precision": 0.858149389056853,
    "recall": 0.8313817330210773,
    "f1-score": 0.8337206468077729,
    "auc": 0.9207934128981025
  },
  "5": {
    "loss": 0.6290893110793424,
    "accuracy": 0.8173302107728337,
    "precision": 0.8525434915175238,
    "recall": 0.8173302107728337,
    "f1-score": 0.8230248005620945,
    "auc": 0.9198267839785017
  },
  "6": {
    "loss": 0.6230674933214657,
    "accuracy": 0.8261124121779859,
    "precision": 0.8505845427177381,
    "recall": 0.8261124121779859,
    "f1-score": 0.8186524179999123,
    "auc": 0.9075191269203959
  },
  "7": {
    "loss": 0.5832702008008398,
    "accuracy": 0.8307962529274004,
    "precision": 0.8347056888773233,
    "recall": 0.8307962529274004,
    "f1-score": 0.8296220635963909,
    "auc": 0.9226412876444692
  },
  "8": {
    "loss": 0.6218324150078749,
    "accuracy": 0.8296252927400468,
    "precision": 0.8776374660626742,
    "recall": 0.8296252927400468,
    "f1-score": 0.8228972775319049,
    "auc": 0.9130649249792302
  },
  "9": {
    "loss": 0.6324990451754675,
    "accuracy": 0.8243559718969555,
    "precision": 0.8569568326956523,
    "recall": 0.8243559718969555,
    "f1-score": 0.8193368888674505,
    "auc": 0.9075313263059799
  },
  "10": {
    "loss": 0.6185820195518557,
    "accuracy": 0.8208430913348946,
    "precision": 0.8318346796106975,
    "recall": 0.8208430913348946,
    "f1-score": 0.8174530443434906,
    "auc": 0.9078411834407625
  },
  "11": {
    "loss": 0.5738575776092342,
    "accuracy": 0.8372365339578455,
    "precision": 0.8668185496628273,
    "recall": 0.8372365339578455,
    "f1-score": 0.8391385586400587,
    "auc": 0.932800428389898
  },
  "12": {
    "loss": 0.6212109159111139,
    "accuracy": 0.8237704918032787,
    "precision": 0.8411871211136143,
    "recall": 0.8237704918032787,
    "f1-score": 0.8187749484992713,
    "auc": 0.9087767293395888
  },
  "13": {
    "loss": 0.6365052153131722,
    "accuracy": 0.8167447306791569,
    "precision": 0.8517927308329442,
    "recall": 0.8167447306791569,
    "f1-score": 0.8170374309267044,
    "auc": 0.9151626496225069
  },
  "14": {
    "loss": 0.5324828224103959,
    "accuracy": 0.8635831381733021,
    "precision": 0.8840617170505733,
    "recall": 0.8635831381733021,
    "f1-score": 0.8590775791484757,
    "auc": 0.9394411115657006
  },
  "15": {
    "loss": 0.5504725759705,
    "accuracy": 0.8542154566744731,
    "precision": 0.8757790806617345,
    "recall": 0.8542154566744731,
    "f1-score": 0.8540700319749037,
    "auc": 0.9347981339681963
  },
  "16": {
    "loss": 0.5460567746215459,
    "accuracy": 0.8460187353629977,
    "precision": 0.8726262945327116,
    "recall": 0.8460187353629977,
    "f1-score": 0.848453761561058,
    "auc": 0.9365520386023505
  },
  "17": {
    "loss": 0.5705995667176168,
    "accuracy": 0.8466042154566745,
    "precision": 0.8733326980469065,
    "recall": 0.8466042154566745,
    "f1-score": 0.8441875878626486,
    "auc": 0.9239777426791637
  },
  "18": {
    "loss": 0.5833124768957321,
    "accuracy": 0.8425058548009368,
    "precision": 0.8760676634448662,
    "recall": 0.8425058548009368,
    "f1-score": 0.8429603309500191,
    "auc": 0.9311310045405427
  },
  "19": {
    "loss": 0.6347244630373613,
    "accuracy": 0.8249414519906323,
    "precision": 0.8680799470233277,
    "recall": 0.8249414519906323,
    "f1-score": 0.8294835967084436,
    "auc": 0.9303011717978905
  },
  "20": {
    "loss": 0.6163762251582581,
    "accuracy": 0.8272833723653396,
    "precision": 0.8776322560262301,
    "recall": 0.8272833723653396,
    "f1-score": 0.8335088741583598,
    "auc": 0.9391245443491254
  },
  "21": {
    "loss": 0.5586099799120454,
    "accuracy": 0.8389929742388759,
    "precision": 0.86952188430993,
    "recall": 0.8389929742388759,
    "f1-score": 0.8442564035420848,
    "auc": 0.9394842890194688
  },
  "22": {
    "loss": 0.5764869551329199,
    "accuracy": 0.8378220140515222,
    "precision": 0.8679237249579971,
    "recall": 0.8378220140515222,
    "f1-score": 0.8396296974572239,
    "auc": 0.9321441366180894
  }
}