{
  "1": {
    "loss": 0.7702561061359147,
    "precision": 0.9120502569960022,
    "f1-score": 0.8815369123652386,
    "accuracy": 0.8980582524271845,
    "recall": 0.8980582524271845,
    "auc": 0.9325963108636705
  },
  "2": {
    "loss": 0.5404271795911696,
    "precision": 0.9428987056807131,
    "f1-score": 0.9269849133997582,
    "accuracy": 0.9320388349514563,
    "recall": 0.9320388349514563,
    "auc": 0.9524745479466843
  },
  "3": {
    "loss": 0.48970287546370794,
    "precision": 0.956099620092866,
    "f1-score": 0.9460116762893913,
    "accuracy": 0.9514563106796117,
    "recall": 0.9514563106796117,
    "auc": 0.9482048253803009
  },
  "4": {
    "loss": 0.4412611372841215,
    "precision": 0.9509375594898153,
    "f1-score": 0.9517810875137367,
    "accuracy": 0.9563106796116505,
    "recall": 0.9563106796116505,
    "auc": 0.9646071512142941
  },
  "5": {
    "loss": 0.4390259136274023,
    "precision": 0.9591532111520691,
    "f1-score": 0.9508646860526986,
    "accuracy": 0.9563106796116505,
    "recall": 0.9563106796116505,
    "auc": 0.9754745817245819
  },
  "6": {
    "loss": 0.47669516952292434,
    "precision": 0.9587725381414703,
    "f1-score": 0.9504515978058189,
    "accuracy": 0.9563106796116505,
    "recall": 0.9563106796116505,
    "auc": 0.9604210541710542
  },
  "7": {
    "loss": 0.4424813702268508,
    "precision": 0.9675284930350359,
    "f1-score": 0.960136674350703,
    "accuracy": 0.9660194174757282,
    "recall": 0.9660194174757282,
    "auc": 0.9718267896839325
  },
  "8": {
    "loss": 0.44034046281888645,
    "precision": 0.9633560473577358,
    "f1-score": 0.9553797335350734,
    "accuracy": 0.9611650485436893,
    "recall": 0.9611650485436893,
    "auc": 0.9846314078456935
  },
  "9": {
    "loss": 0.44263135316302477,
    "precision": 0.9633560473577358,
    "f1-score": 0.9553797335350734,
    "accuracy": 0.9611650485436893,
    "recall": 0.9611650485436893,
    "auc": 0.9742968501897074
  },
  "10": {
    "loss": 0.4407743826074508,
    "precision": 0.9721401435204726,
    "f1-score": 0.9649560795191864,
    "accuracy": 0.970873786407767,
    "recall": 0.970873786407767,
    "auc": 0.9720512836584264
  },
  "11": {
    "loss": 0.441132132578822,
    "precision": 0.9675284930350359,
    "f1-score": 0.960136674350703,
    "accuracy": 0.9660194174757282,
    "recall": 0.9660194174757282,
    "auc": 0.9664390387604672
  },
  "12": {
    "loss": 0.45457363244399285,
    "precision": 0.9721401435204726,
    "f1-score": 0.9649560795191864,
    "accuracy": 0.970873786407767,
    "recall": 0.970873786407767,
    "auc": 0.9451036495679354
  },
  "13": {
    "loss": 0.4569886726083107,
    "precision": 0.9675284930350359,
    "f1-score": 0.960136674350703,
    "accuracy": 0.9660194174757282,
    "recall": 0.9660194174757282,
    "auc": 0.9490321374249945
  },
  "14": {
    "loss": 0.4500472762630981,
    "precision": 0.9633560473577358,
    "f1-score": 0.9553797335350734,
    "accuracy": 0.9611650485436893,
    "recall": 0.9611650485436893,
    "auc": 0.9802413963128249
  },
  "15": {
    "loss": 0.4466311025966718,
    "precision": 0.9633560473577358,
    "f1-score": 0.9553797335350734,
    "accuracy": 0.9611650485436893,
    "recall": 0.9611650485436893,
    "auc": 0.964519505590934
  },
  "16": {
    "loss": 0.4353314976669052,
    "precision": 0.9721401435204726,
    "f1-score": 0.9649560795191864,
    "accuracy": 0.970873786407767,
    "recall": 0.970873786407767,
    "auc": 0.9665082986511557
  },
  "17": {
    "loss": 0.4474171162808983,
    "precision": 0.9721401435204726,
    "f1-score": 0.9649560795191864,
    "accuracy": 0.970873786407767,
    "recall": 0.970873786407767,
    "auc": 0.947860673753531
  },
  "18": {
    "loss": 0.4405694282749324,
    "precision": 0.9675284930350359,
    "f1-score": 0.960136674350703,
    "accuracy": 0.9660194174757282,
    "recall": 0.9660194174757282,
    "auc": 0.9619424735496163
  },
  "19": {
    "loss": 0.4554788991085534,
    "precision": 0.9675284930350359,
    "f1-score": 0.960136674350703,
    "accuracy": 0.9660194174757282,
    "recall": 0.9660194174757282,
    "auc": 0.9584730022230024
  },
  "20": {
    "loss": 0.4495164390327861,
    "precision": 0.9633560473577358,
    "f1-score": 0.9553797335350734,
    "accuracy": 0.9611650485436893,
    "recall": 0.9611650485436893,
    "auc": 0.9781183665112237
  },
  "21": {
    "loss": 0.4258862945061285,
    "precision": 0.9721401435204726,
    "f1-score": 0.9649560795191864,
    "accuracy": 0.970873786407767,
    "recall": 0.970873786407767,
    "auc": 0.9773803255946114
  },
  "22": {
    "loss": 0.43875363208715196,
    "precision": 0.9675284930350359,
    "f1-score": 0.960136674350703,
    "accuracy": 0.9660194174757282,
    "recall": 0.9660194174757282,
    "auc": 0.9616378553878555
  }
}