loss,accuracy,precision,recall,f1-score,auc
0.6738100413416253,0.8389929742388759,0.86952188430993,0.8389929742388759,0.8442564035420848,0.9394842890194688
