{
  "0": {
    "loss": 1.3978609673033275,
    "accuracy": 0.25117096018735363,
    "precision": 0.4833953125265727,
    "recall": 0.25117096018735363,
    "f1-score": 0.26048023795942316,
    "auc": 0.5076460623256629
  },
  "1": {
    "loss": 0.8000715673667764,
    "accuracy": 0.7903981264637002,
    "precision": 0.7455822434434115,
    "recall": 0.7903981264637002,
    "f1-score": 0.75332096076722,
    "auc": 0.8867318345937277
  },
  "2": {
    "loss": 0.5973617329111702,
    "accuracy": 0.8266978922716628,
    "precision": 0.8427913508806598,
    "recall": 0.8266978922716628,
    "f1-score": 0.8121056406267038,
    "auc": 0.9197606616361031
  },
  "3": {
    "loss": 0.6799940480839731,
    "accuracy": 0.8097189695550351,
    "precision": 0.8334970007766694,
    "recall": 0.8097189695550351,
    "f1-score": 0.7896995848348296,
    "auc": 0.8999805985219893
  },
  "4": {
    "loss": 0.5990803284304482,
    "accuracy": 0.8272833723653396,
    "precision": 0.8485617343071692,
    "recall": 0.8272833723653396,
    "f1-score": 0.8172085046019348,
    "auc": 0.9275020381819935
  },
  "5": {
    "loss": 0.5982512677441716,
    "accuracy": 0.8372365339578455,
    "precision": 0.8576267134998462,
    "recall": 0.8372365339578455,
    "f1-score": 0.8271391353988287,
    "auc": 0.9144495961790995
  },
  "6": {
    "loss": 0.5788121533338024,
    "accuracy": 0.8384074941451991,
    "precision": 0.8588038813786768,
    "recall": 0.8384074941451991,
    "f1-score": 0.8356309437585449,
    "auc": 0.9201128803634809
  },
  "7": {
    "loss": 0.5528810998595012,
    "accuracy": 0.867096018735363,
    "precision": 0.8752540154281885,
    "recall": 0.867096018735363,
    "f1-score": 0.8425384391852624,
    "auc": 0.9120135673214576
  },
  "8": {
    "loss": 0.5714404590654708,
    "accuracy": 0.8553864168618267,
    "precision": 0.855474939598674,
    "recall": 0.8553864168618267,
    "f1-score": 0.8424280199813926,
    "auc": 0.9135546139443367
  },
  "9": {
    "loss": 0.5678412898921297,
    "accuracy": 0.8647540983606558,
    "precision": 0.8752009323022173,
    "recall": 0.8647540983606558,
    "f1-score": 0.8501523332962728,
    "auc": 0.9165578596923823
  },
  "10": {
    "loss": 0.5580446796199477,
    "accuracy": 0.8548009367681498,
    "precision": 0.867246476891448,
    "recall": 0.8548009367681498,
    "f1-score": 0.8436599428061199,
    "auc": 0.9281618986114425
  },
  "11": {
    "loss": 0.5191409893211771,
    "accuracy": 0.8764637002341921,
    "precision": 0.8738736088822371,
    "recall": 0.8764637002341921,
    "f1-score": 0.8629309975099552,
    "auc": 0.9296126383806501
  },
  "12": {
    "loss": 0.5244530173459153,
    "accuracy": 0.8723653395784543,
    "precision": 0.8726040014387276,
    "recall": 0.8723653395784543,
    "f1-score": 0.8580299364434059,
    "auc": 0.9394115462578548
  },
  "13": {
    "loss": 0.5134921344018931,
    "accuracy": 0.8706088992974239,
    "precision": 0.86943118687402,
    "recall": 0.8706088992974239,
    "f1-score": 0.8584236422408075,
    "auc": 0.9385121946424368
  }
}