{
  "1": {
    "loss": 0.7739195621129379,
    "recall": 0.8883495145631068,
    "f1-score": 0.8841892594530839,
    "precision": 0.9060194174757281,
    "auc": 0.9542973875183075,
    "accuracy": 0.8883495145631068
  },
  "2": {
    "loss": 0.4477006738046998,
    "recall": 0.9611650485436893,
    "f1-score": 0.9553797335350734,
    "precision": 0.9633560473577358,
    "auc": 0.987729658655134,
    "accuracy": 0.9611650485436893
  },
  "3": {
    "loss": 0.5424380452887526,
    "recall": 0.9077669902912622,
    "f1-score": 0.9027632235595033,
    "precision": 0.9295654184003699,
    "auc": 0.9706983148878329,
    "accuracy": 0.9077669902912622
  },
  "4": {
    "loss": 0.46416457069730294,
    "recall": 0.9368932038834952,
    "f1-score": 0.9321063601271813,
    "precision": 0.940295483326298,
    "auc": 0.9804264027478313,
    "accuracy": 0.9368932038834952
  },
  "5": {
    "loss": 0.46013343392066586,
    "recall": 0.9514563106796117,
    "f1-score": 0.9460116762893913,
    "precision": 0.956099620092866,
    "auc": 0.9669765080479366,
    "accuracy": 0.9514563106796117
  },
  "6": {
    "loss": 0.4571809294154343,
    "recall": 0.9466019417475728,
    "f1-score": 0.9423190944279966,
    "precision": 0.9429719813786062,
    "auc": 0.9570980419194706,
    "accuracy": 0.9466019417475728
  },
  "7": {
    "loss": 0.46730188490117636,
    "recall": 0.9660194174757282,
    "f1-score": 0.9601513500234528,
    "precision": 0.9677306698330657,
    "auc": 0.9727229896872753,
    "accuracy": 0.9660194174757282
  },
  "8": {
    "loss": 0.4536989606121211,
    "recall": 0.9611650485436893,
    "f1-score": 0.9553797335350734,
    "precision": 0.9633560473577358,
    "auc": 0.9605939427367999,
    "accuracy": 0.9611650485436893
  },
  "9": {
    "loss": 0.44375405525698247,
    "recall": 0.970873786407767,
    "f1-score": 0.9649560795191864,
    "precision": 0.9721401435204726,
    "auc": 0.9696735696735697,
    "accuracy": 0.970873786407767
  },
  "10": {
    "loss": 0.43989615475089805,
    "recall": 0.970873786407767,
    "f1-score": 0.9649560795191864,
    "precision": 0.9721401435204726,
    "auc": 0.971483206304635,
    "accuracy": 0.970873786407767
  },
  "11": {
    "loss": 0.4430326414339751,
    "recall": 0.970873786407767,
    "f1-score": 0.9649560795191864,
    "precision": 0.9721401435204726,
    "auc": 0.9686267320195893,
    "accuracy": 0.970873786407767
  },
  "12": {
    "loss": 0.447753757527731,
    "recall": 0.970873786407767,
    "f1-score": 0.9649560795191864,
    "precision": 0.9721401435204726,
    "auc": 0.9786625215196646,
    "accuracy": 0.970873786407767
  },
  "13": {
    "loss": 0.44192257957551084,
    "recall": 0.970873786407767,
    "f1-score": 0.9649560795191864,
    "precision": 0.9721401435204726,
    "auc": 0.9821827625399053,
    "accuracy": 0.970873786407767
  }
}