loss,accuracy,precision,recall,f1-score,auc
0.6761688207574974,0.8548009367681498,0.867246476891448,0.8548009367681498,0.8436599428061199,0.9281618986114425
