{
  "0": {
    "loss": 1.343181382297632,
    "accuracy": 0.23770491803278687,
    "precision": 0.34102981686362127,
    "recall": 0.23770491803278684,
    "f1-score": 0.2646149687716193,
    "auc": 0.4489835945364609
  },
  "1": {
    "loss": 1.3431829074506738,
    "accuracy": 0.23711943793911008,
    "precision": 0.34058383386331925,
    "recall": 0.23711943793911008,
    "f1-score": 0.2640359579287212,
    "auc": 0.4489613134557183
  },
  "2": {
    "loss": 1.3431817184287436,
    "accuracy": 0.23711943793911008,
    "precision": 0.34058383386331925,
    "recall": 0.23711943793911008,
    "f1-score": 0.2640359579287212,
    "auc": 0.44894855329168587
  },
  "3": {
    "loss": 1.3431768060009708,
    "accuracy": 0.23711943793911008,
    "precision": 0.34058383386331925,
    "recall": 0.23711943793911008,
    "f1-score": 0.2640359579287212,
    "auc": 0.44894276898589647
  },
  "4": {
    "loss": 1.3431771214728612,
    "accuracy": 0.23711943793911008,
    "precision": 0.34058383386331925,
    "recall": 0.23711943793911008,
    "f1-score": 0.2640359579287212,
    "auc": 0.44897628761699954
  },
  "5": {
    "loss": 1.3431752495799187,
    "accuracy": 0.23711943793911008,
    "precision": 0.34058383386331925,
    "recall": 0.23711943793911008,
    "f1-score": 0.2640359579287212,
    "auc": 0.4489691249131388
  },
  "6": {
    "loss": 1.3431735312352415,
    "accuracy": 0.23711943793911008,
    "precision": 0.34058383386331925,
    "recall": 0.23711943793911008,
    "f1-score": 0.2640359579287212,
    "auc": 0.4489740631998683
  },
  "7": {
    "loss": 1.343178782027555,
    "accuracy": 0.23711943793911008,
    "precision": 0.34058383386331925,
    "recall": 0.23711943793911008,
    "f1-score": 0.2640359579287212,
    "auc": 0.448959870015164
  },
  "8": {
    "loss": 1.34317576550209,
    "accuracy": 0.23711943793911008,
    "precision": 0.34058383386331925,
    "recall": 0.23711943793911008,
    "f1-score": 0.2640359579287212,
    "auc": 0.44895494776913847
  },
  "9": {
    "loss": 1.3431725703022799,
    "accuracy": 0.23711943793911008,
    "precision": 0.34058383386331925,
    "recall": 0.23711943793911008,
    "f1-score": 0.2640359579287212,
    "auc": 0.4489685996923548
  },
  "10": {
    "loss": 1.3431591546507573,
    "accuracy": 0.23711943793911008,
    "precision": 0.34058383386331925,
    "recall": 0.23711943793911008,
    "f1-score": 0.2640359579287212,
    "auc": 0.4490086656629394
  },
  "11": {
    "loss": 1.3431563896652685,
    "accuracy": 0.23770491803278687,
    "precision": 0.34102981686362127,
    "recall": 0.23770491803278684,
    "f1-score": 0.2646149687716193,
    "auc": 0.4489769691763459
  },
  "12": {
    "loss": 1.3431575242473592,
    "accuracy": 0.23711943793911008,
    "precision": 0.34058383386331925,
    "recall": 0.23711943793911008,
    "f1-score": 0.2640359579287212,
    "auc": 0.44897882289685964
  },
  "13": {
    "loss": 1.3431591295246776,
    "accuracy": 0.23711943793911008,
    "precision": 0.34058383386331925,
    "recall": 0.23711943793911008,
    "f1-score": 0.2640359579287212,
    "auc": 0.4489845376158265
  },
  "14": {
    "loss": 1.3431640723829248,
    "accuracy": 0.23770491803278687,
    "precision": 0.34102981686362127,
    "recall": 0.23770491803278684,
    "f1-score": 0.2646149687716193,
    "auc": 0.44898806015921766
  },
  "15": {
    "loss": 1.343149645546281,
    "accuracy": 0.23711943793911008,
    "precision": 0.34058383386331925,
    "recall": 0.23711943793911008,
    "f1-score": 0.2640359579287212,
    "auc": 0.4489924237563246
  },
  "16": {
    "loss": 1.343152206731345,
    "accuracy": 0.23770491803278687,
    "precision": 0.34102981686362127,
    "recall": 0.23770491803278684,
    "f1-score": 0.2646149687716193,
    "auc": 0.4489715912791842
  },
  "17": {
    "loss": 1.3431522460955367,
    "accuracy": 0.23711943793911008,
    "precision": 0.34058383386331925,
    "recall": 0.23711943793911008,
    "f1-score": 0.2640359579287212,
    "auc": 0.4489765603347916
  },
  "18": {
    "loss": 1.3431458152150102,
    "accuracy": 0.23770491803278687,
    "precision": 0.34102981686362127,
    "recall": 0.23770491803278684,
    "f1-score": 0.2646149687716193,
    "auc": 0.4489665669691648
  },
  "19": {
    "loss": 1.3431470299213775,
    "accuracy": 0.23711943793911008,
    "precision": 0.34058383386331925,
    "recall": 0.23711943793911008,
    "f1-score": 0.2640359579287212,
    "auc": 0.4489963859224636
  },
  "20": {
    "loss": 1.3431455896386497,
    "accuracy": 0.23770491803278687,
    "precision": 0.34102981686362127,
    "recall": 0.23770491803278684,
    "f1-score": 0.2646149687716193,
    "auc": 0.44897309586590317
  },
  "21": {
    "loss": 1.3431441479600286,
    "accuracy": 0.23711943793911008,
    "precision": 0.34058383386331925,
    "recall": 0.23711943793911008,
    "f1-score": 0.2640359579287212,
    "auc": 0.4489836249173873
  },
  "22": {
    "loss": 1.3431267707632633,
    "accuracy": 0.23770491803278687,
    "precision": 0.34102981686362127,
    "recall": 0.23770491803278684,
    "f1-score": 0.2646149687716193,
    "auc": 0.4489865672250156
  }
}