{
  "1": {
    "loss": 1.4159159706634226,
    "accuracy": 0.1650485436893204,
    "precision": 0.26464140306921397,
    "recall": 0.1650485436893204,
    "f1-score": 0.15567213725901374,
    "auc": 0.31388588303586
  },
  "2": {
    "loss": 1.415915409338127,
    "accuracy": 0.1650485436893204,
    "precision": 0.26464140306921397,
    "recall": 0.1650485436893204,
    "f1-score": 0.15567213725901374,
    "auc": 0.313956246109319
  },
  "3": {
    "loss": 1.4159186222020863,
    "accuracy": 0.1650485436893204,
    "precision": 0.26464140306921397,
    "recall": 0.1650485436893204,
    "f1-score": 0.15567213725901374,
    "auc": 0.31382869508891087
  },
  "4": {
    "loss": 1.4159198467013905,
    "accuracy": 0.1650485436893204,
    "precision": 0.26464140306921397,
    "recall": 0.1650485436893204,
    "f1-score": 0.15567213725901374,
    "auc": 0.31382869508891087
  },
  "5": {
    "loss": 1.4159166685585838,
    "accuracy": 0.1650485436893204,
    "precision": 0.26464140306921397,
    "recall": 0.1650485436893204,
    "f1-score": 0.15567213725901374,
    "auc": 0.313956246109319
  },
  "6": {
    "loss": 1.4159103863447615,
    "accuracy": 0.1650485436893204,
    "precision": 0.26464140306921397,
    "recall": 0.1650485436893204,
    "f1-score": 0.15567213725901374,
    "auc": 0.3137583320154517
  },
  "7": {
    "loss": 1.4159203339548945,
    "accuracy": 0.1650485436893204,
    "precision": 0.26464140306921397,
    "recall": 0.1650485436893204,
    "f1-score": 0.15567213725901374,
    "auc": 0.3137238254592062
  },
  "8": {
    "loss": 1.4159164833791047,
    "accuracy": 0.1650485436893204,
    "precision": 0.26464140306921397,
    "recall": 0.1650485436893204,
    "f1-score": 0.15567213725901374,
    "auc": 0.3137583320154517
  },
  "9": {
    "loss": 1.4159089164826477,
    "accuracy": 0.1650485436893204,
    "precision": 0.26464140306921397,
    "recall": 0.1650485436893204,
    "f1-score": 0.15567213725901374,
    "auc": 0.31382869508891087
  },
  "10": {
    "loss": 1.415906165410014,
    "accuracy": 0.1650485436893204,
    "precision": 0.26464140306921397,
    "recall": 0.1650485436893204,
    "f1-score": 0.15567213725901374,
    "auc": 0.31401343405626814
  },
  "11": {
    "loss": 1.4158918880721898,
    "accuracy": 0.1650485436893204,
    "precision": 0.26464140306921397,
    "recall": 0.1650485436893204,
    "f1-score": 0.15567213725901374,
    "auc": 0.3140492905734816
  },
  "12": {
    "loss": 1.4158992802055137,
    "accuracy": 0.1650485436893204,
    "precision": 0.26464140306921397,
    "recall": 0.1650485436893204,
    "f1-score": 0.15567213725901374,
    "auc": 0.3137583320154517
  },
  "13": {
    "loss": 1.4159016099948327,
    "accuracy": 0.1650485436893204,
    "precision": 0.26464140306921397,
    "recall": 0.1650485436893204,
    "f1-score": 0.15567213725901374,
    "auc": 0.3137583320154517
  },
  "14": {
    "loss": 1.4158942421663154,
    "accuracy": 0.1650485436893204,
    "precision": 0.26464140306921397,
    "recall": 0.1650485436893204,
    "f1-score": 0.15567213725901374,
    "auc": 0.3139217395530733
  },
  "15": {
    "loss": 1.4158935245958346,
    "accuracy": 0.1650485436893204,
    "precision": 0.26464140306921397,
    "recall": 0.1650485436893204,
    "f1-score": 0.15567213725901374,
    "auc": 0.31408379712972717
  },
  "16": {
    "loss": 1.4158853049417144,
    "accuracy": 0.1650485436893204,
    "precision": 0.26464140306921397,
    "recall": 0.1650485436893204,
    "f1-score": 0.15567213725901374,
    "auc": 0.313956246109319
  },
  "17": {
    "loss": 1.4159037661783904,
    "accuracy": 0.1650485436893204,
    "precision": 0.26464140306921397,
    "recall": 0.1650485436893204,
    "f1-score": 0.15567213725901374,
    "auc": 0.3139114768114538
  },
  "18": {
    "loss": 1.4158946159973884,
    "accuracy": 0.1650485436893204,
    "precision": 0.26464140306921397,
    "recall": 0.1650485436893204,
    "f1-score": 0.15567213725901374,
    "auc": 0.313956246109319
  },
  "19": {
    "loss": 1.415890570983146,
    "accuracy": 0.1650485436893204,
    "precision": 0.26464140306921397,
    "recall": 0.1650485436893204,
    "f1-score": 0.15567213725901374,
    "auc": 0.31393065233372525
  },
  "20": {
    "loss": 1.4158987744340619,
    "accuracy": 0.1650485436893204,
    "precision": 0.26464140306921397,
    "recall": 0.1650485436893204,
    "f1-score": 0.15567213725901374,
    "auc": 0.3138602892602662
  },
  "21": {
    "loss": 1.4159005290096245,
    "accuracy": 0.1650485436893204,
    "precision": 0.26464140306921397,
    "recall": 0.1650485436893204,
    "f1-score": 0.15567213725901374,
    "auc": 0.31390505855813144
  },
  "22": {
    "loss": 1.4158765471097334,
    "accuracy": 0.1650485436893204,
    "precision": 0.26464140306921397,
    "recall": 0.1650485436893204,
    "f1-score": 0.15567213725901374,
    "auc": 0.31393065233372525
  }
}