loss,accuracy,precision,recall,f1-score,auc
1.3939117944212651,0.23770491803278687,0.34102981686362127,0.23770491803278684,0.2646149687716193,0.4489865672250156
