{
  "1": {
    "loss": 1.0735676693684846,
    "accuracy": 0.6067961165048543,
    "precision": 0.8214342757398898,
    "recall": 0.6067961165048543,
    "f1-score": 0.6570804262642194,
    "auc": 0.9332001462980686
  }
}