{
  "1": {
    "loss": 1.065736819239496,
    "accuracy": 0.7281553398058253,
    "precision": 0.8275543226999538,
    "recall": 0.7281553398058253,
    "f1-score": 0.7337222766544937,
    "auc": 0.9487625471758598
  }
}