{
  "0": {
    "loss": 1.2340649268666253,
    "accuracy": 0.5392271662763466,
    "precision": 0.4155432707283026,
    "recall": 0.5392271662763466,
    "f1-score": 0.4693696932598595,
    "auc": 0.555624858001035
  },
  "1": {
    "loss": 1.0441483232679076,
    "accuracy": 0.6891100702576113,
    "precision": 0.7075970642430931,
    "recall": 0.6891100702576113,
    "f1-score": 0.6904958062873271,
    "auc": 0.7677371299692897
  },
  "2": {
    "loss": 0.851097232703582,
    "accuracy": 0.6838407494145199,
    "precision": 0.8444115033567191,
    "recall": 0.6838407494145199,
    "f1-score": 0.6864993477729194,
    "auc": 0.8918083080633429
  },
  "3": {
    "loss": 0.7420167294821639,
    "accuracy": 0.7687353629976581,
    "precision": 0.8459919804988579,
    "recall": 0.7687353629976581,
    "f1-score": 0.7761204674437454,
    "auc": 0.9074146440765505
  },
  "4": {
    "loss": 0.7858698965514851,
    "accuracy": 0.759367681498829,
    "precision": 0.8107938863838665,
    "recall": 0.759367681498829,
    "f1-score": 0.7453335487543935,
    "auc": 0.8880188570864782
  },
  "5": {
    "loss": 0.6849096882259539,
    "accuracy": 0.8044496487119438,
    "precision": 0.8532055738697902,
    "recall": 0.8044496487119438,
    "f1-score": 0.8015065053723759,
    "auc": 0.8938060910315421
  },
  "6": {
    "loss": 0.6768565662990409,
    "accuracy": 0.7927400468384075,
    "precision": 0.8185161284315974,
    "recall": 0.7927400468384075,
    "f1-score": 0.7968499230514688,
    "auc": 0.893492996289144
  },
  "7": {
    "loss": 0.7239010917498301,
    "accuracy": 0.7822014051522248,
    "precision": 0.8445585615809827,
    "recall": 0.7822014051522248,
    "f1-score": 0.7769285525041266,
    "auc": 0.8922723553701166
  },
  "8": {
    "loss": 0.714512725764192,
    "accuracy": 0.7909836065573771,
    "precision": 0.8435711264028908,
    "recall": 0.7909836065573771,
    "f1-score": 0.7825618468227619,
    "auc": 0.8863430831789162
  },
  "9": {
    "loss": 0.7046770366907679,
    "accuracy": 0.7827868852459017,
    "precision": 0.8188739422768767,
    "recall": 0.7827868852459017,
    "f1-score": 0.7847239412631326,
    "auc": 0.8817810889150481
  },
  "10": {
    "loss": 0.7942626885284585,
    "accuracy": 0.7617096018735363,
    "precision": 0.8133662061633277,
    "recall": 0.7617096018735363,
    "f1-score": 0.77337157741972,
    "auc": 0.8970454891234064
  },
  "11": {
    "loss": 0.7585763859385908,
    "accuracy": 0.7833723653395784,
    "precision": 0.8093123915834112,
    "recall": 0.7833723653395784,
    "f1-score": 0.7811343877692085,
    "auc": 0.8813576687250205
  },
  "12": {
    "loss": 0.7663766751523877,
    "accuracy": 0.7599531615925058,
    "precision": 0.7881528725075644,
    "recall": 0.7599531615925058,
    "f1-score": 0.7611525639436043,
    "auc": 0.8819516679298304
  },
  "13": {
    "loss": 0.7995145163854336,
    "accuracy": 0.772248243559719,
    "precision": 0.7992408957822529,
    "recall": 0.772248243559719,
    "f1-score": 0.7650558253031191,
    "auc": 0.8746756683080089
  },
  "14": {
    "loss": 0.8634417699148281,
    "accuracy": 0.7347775175644028,
    "precision": 0.8004383365104539,
    "recall": 0.7347775175644028,
    "f1-score": 0.7533712525168464,
    "auc": 0.890413902772487
  },
  "15": {
    "loss": 0.7544744561930172,
    "accuracy": 0.7634660421545667,
    "precision": 0.8116900574334996,
    "recall": 0.7634660421545667,
    "f1-score": 0.7759673349320919,
    "auc": 0.8974542617554542
  },
  "16": {
    "loss": 0.7516913122259761,
    "accuracy": 0.7786885245901639,
    "precision": 0.8310693888769746,
    "recall": 0.7786885245901639,
    "f1-score": 0.7907434500968512,
    "auc": 0.9013094741339187
  },
  "17": {
    "loss": 0.7867579127223486,
    "accuracy": 0.7576112412177985,
    "precision": 0.8204326776683195,
    "recall": 0.7576112412177985,
    "f1-score": 0.7762444319865235,
    "auc": 0.9032279106360495
  },
  "18": {
    "loss": 0.7295366967450261,
    "accuracy": 0.781615925058548,
    "precision": 0.8226637757792353,
    "recall": 0.781615925058548,
    "f1-score": 0.7942249830036586,
    "auc": 0.9107173574690758
  },
  "19": {
    "loss": 0.7667787183922403,
    "accuracy": 0.765807962529274,
    "precision": 0.8073031718259939,
    "recall": 0.765807962529274,
    "f1-score": 0.7793430772806687,
    "auc": 0.9061136535163621
  },
  "20": {
    "loss": 0.8469329379341921,
    "accuracy": 0.7382903981264637,
    "precision": 0.7946905050765811,
    "recall": 0.7382903981264637,
    "f1-score": 0.7554369370182279,
    "auc": 0.8981258228394897
  },
  "21": {
    "loss": 0.8371530352487497,
    "accuracy": 0.7418032786885246,
    "precision": 0.8021762055411753,
    "recall": 0.7418032786885246,
    "f1-score": 0.7607398295887319,
    "auc": 0.9089458178241666
  },
  "22": {
    "loss": 0.8921176403132758,
    "accuracy": 0.7324355971896955,
    "precision": 0.7988230599879104,
    "recall": 0.7324355971896955,
    "f1-score": 0.7534152411700857,
    "auc": 0.8961432598497245
  }
}