{
  "1": {
    "loss": 1.0536783273937633,
    "precision": 0.7994288977727013,
    "f1-score": 0.702221640300342,
    "accuracy": 0.6893203883495146,
    "auc": 0.9477594134957652,
    "recall": 0.6893203883495146
  },
  "2": {
    "loss": 0.6600701623749965,
    "precision": 0.9272923408845739,
    "f1-score": 0.8585164130789217,
    "accuracy": 0.8543689320388349,
    "auc": 0.9680320415011202,
    "recall": 0.8543689320388349
  },
  "3": {
    "loss": 0.542972161931899,
    "precision": 0.9315719202926512,
    "f1-score": 0.8879717924602725,
    "accuracy": 0.8883495145631068,
    "auc": 0.9609928670208846,
    "recall": 0.8883495145631068
  },
  "4": {
    "loss": 0.6340313038779694,
    "precision": 0.9260236386661037,
    "f1-score": 0.875754201584914,
    "accuracy": 0.8786407766990292,
    "auc": 0.9489253829505834,
    "recall": 0.8786407766990292
  },
  "5": {
    "loss": 0.5254955170224014,
    "precision": 0.9407389325915146,
    "f1-score": 0.9154080671538286,
    "accuracy": 0.9174757281553398,
    "auc": 0.947238262303499,
    "recall": 0.9174757281553398
  },
  "6": {
    "loss": 0.4659924536075407,
    "precision": 0.9720023386010914,
    "f1-score": 0.9649202651873457,
    "accuracy": 0.970873786407767,
    "auc": 0.9424019915091343,
    "recall": 0.970873786407767
  },
  "7": {
    "loss": 0.5928440556942838,
    "precision": 0.9107465684633412,
    "f1-score": 0.8746604570467211,
    "accuracy": 0.8883495145631068,
    "auc": 0.9701733434871428,
    "recall": 0.8883495145631068
  },
  "8": {
    "loss": 0.5460324744576389,
    "precision": 0.9210631601408302,
    "f1-score": 0.8865731124321906,
    "accuracy": 0.9029126213592233,
    "auc": 0.9614476131199926,
    "recall": 0.9029126213592233
  },
  "9": {
    "loss": 0.5293130191784461,
    "precision": 0.9285735623599702,
    "f1-score": 0.9051573992350691,
    "accuracy": 0.9174757281553398,
    "auc": 0.9395375067782188,
    "recall": 0.9174757281553398
  },
  "10": {
    "loss": 0.5165305369108626,
    "precision": 0.9380843452838284,
    "f1-score": 0.9121126090418104,
    "accuracy": 0.9223300970873787,
    "auc": 0.9696528569634447,
    "recall": 0.9223300970873787
  },
  "11": {
    "loss": 0.5008420142733935,
    "precision": 0.94416897827092,
    "f1-score": 0.9205509868718932,
    "accuracy": 0.9368932038834952,
    "auc": 0.9549238245666817,
    "recall": 0.9368932038834952
  },
  "12": {
    "loss": 0.5749428752556588,
    "precision": 0.9147974556411115,
    "f1-score": 0.8763267740420548,
    "accuracy": 0.8932038834951457,
    "auc": 0.9517034332160382,
    "recall": 0.8932038834951457
  },
  "13": {
    "loss": 0.556588337838071,
    "precision": 0.9275465811771022,
    "f1-score": 0.8965840570093186,
    "accuracy": 0.912621359223301,
    "auc": 0.9528305671162812,
    "recall": 0.912621359223301
  },
  "14": {
    "loss": 0.5586334368557606,
    "precision": 0.9293019952969663,
    "f1-score": 0.8983459387050777,
    "accuracy": 0.9077669902912622,
    "auc": 0.9414495896638754,
    "recall": 0.9077669902912622
  },
  "15": {
    "loss": 0.5043604767438278,
    "precision": 0.9360558894539478,
    "f1-score": 0.9114387799205385,
    "accuracy": 0.9223300970873787,
    "auc": 0.9521919762991192,
    "recall": 0.9223300970873787
  },
  "16": {
    "loss": 0.5601051270383076,
    "precision": 0.921629699442264,
    "f1-score": 0.8855368883923994,
    "accuracy": 0.8932038834951457,
    "auc": 0.9696582512576302,
    "recall": 0.8932038834951457
  },
  "17": {
    "loss": 0.5344977378845215,
    "precision": 0.9339118996065284,
    "f1-score": 0.9083315950136838,
    "accuracy": 0.912621359223301,
    "auc": 0.9505598246669674,
    "recall": 0.912621359223301
  },
  "18": {
    "loss": 0.4769229449114753,
    "precision": 0.956099620092866,
    "f1-score": 0.9460116762893913,
    "accuracy": 0.9514563106796117,
    "auc": 0.9586706488492204,
    "recall": 0.9514563106796117
  },
  "19": {
    "loss": 0.4801961961880471,
    "precision": 0.9448829240434038,
    "f1-score": 0.9298416420010492,
    "accuracy": 0.9368932038834952,
    "auc": 0.9428199535342391,
    "recall": 0.9368932038834952
  },
  "20": {
    "loss": 0.5231032247103534,
    "precision": 0.937850509557981,
    "f1-score": 0.912566716635875,
    "accuracy": 0.9223300970873787,
    "auc": 0.9441751700680272,
    "recall": 0.9223300970873787
  },
  "21": {
    "loss": 0.5273352959781017,
    "precision": 0.9359261837266042,
    "f1-score": 0.9107886271170405,
    "accuracy": 0.9174757281553398,
    "auc": 0.9557378110949538,
    "recall": 0.9174757281553398
  },
  "22": {
    "loss": 0.5545604119023073,
    "precision": 0.9207405550865345,
    "f1-score": 0.885231585567741,
    "accuracy": 0.8932038834951457,
    "auc": 0.9417244354744353,
    "recall": 0.8932038834951457
  }
}