loss,accuracy,precision,recall,f1-score,auc
0.7844735625476971,0.7927400468384075,0.8185161284315974,0.7927400468384075,0.7968499230514688,0.893492996289144
