{
  "0": {
    "loss": 1.697974815580828,
    "accuracy": 0.05327868852459016,
    "precision": 0.0028386186509002953,
    "recall": 0.05327868852459016,
    "f1-score": 0.005390061874083051,
    "auc": 0.35303779770735955
  },
  "1": {
    "loss": 1.1717170457370947,
    "accuracy": 0.5187353629976581,
    "precision": 0.6019198436357154,
    "recall": 0.5187353629976581,
    "f1-score": 0.5179355475701277,
    "auc": 0.7634453894903253
  }
}