loss,accuracy,precision,recall,f1-score,auc
1.2299155063874827,0.5187353629976581,0.6019198436357154,0.5187353629976581,0.5179355475701277,0.7634453894903253
