{
  "1": {
    "loss": 1.0220326995386662,
    "recall": 0.7766990291262136,
    "precision": 0.7844269746733644,
    "auc": 0.8138666020133194,
    "f1-score": 0.7622500252545931,
    "accuracy": 0.7766990291262136
  },
  "2": {
    "loss": 0.8498421166707011,
    "recall": 0.8446601941747572,
    "precision": 0.8244940738872779,
    "auc": 0.8767996395853201,
    "f1-score": 0.8331162680558846,
    "accuracy": 0.8446601941747572
  },
  "3": {
    "loss": 0.8017552466068453,
    "recall": 0.8640776699029126,
    "precision": 0.8573046336017662,
    "auc": 0.888293438972847,
    "f1-score": 0.8565080468783972,
    "accuracy": 0.8640776699029126
  },
  "4": {
    "loss": 0.8287158567928573,
    "recall": 0.8543689320388349,
    "precision": 0.8482709200184929,
    "auc": 0.8708446783198479,
    "f1-score": 0.8484926974035206,
    "accuracy": 0.8543689320388349
  },
  "5": {
    "loss": 0.850617401808211,
    "recall": 0.8592233009708737,
    "precision": 0.8508261472592415,
    "auc": 0.8665051968129436,
    "f1-score": 0.8514318348698701,
    "accuracy": 0.8592233009708737
  },
  "6": {
    "loss": 0.8587096235127125,
    "recall": 0.8495145631067961,
    "precision": 0.8425282498166404,
    "auc": 0.8699746060524525,
    "f1-score": 0.8422475575475051,
    "accuracy": 0.8495145631067961
  },
  "7": {
    "loss": 0.8662033185218144,
    "recall": 0.8252427184466019,
    "precision": 0.8454397772104897,
    "auc": 0.8694621924460829,
    "f1-score": 0.8220569034497031,
    "accuracy": 0.8252427184466019
  },
  "8": {
    "loss": 0.8503353329538141,
    "recall": 0.8252427184466019,
    "precision": 0.86202299008515,
    "auc": 0.8852457191971258,
    "f1-score": 0.832056499097166,
    "accuracy": 0.8252427184466019
  },
  "9": {
    "loss": 0.8638926848624516,
    "recall": 0.8203883495145631,
    "precision": 0.8605409153952844,
    "auc": 0.8873333380359415,
    "f1-score": 0.8285624389993321,
    "accuracy": 0.8203883495145631
  },
  "10": {
    "loss": 0.8839203605374086,
    "recall": 0.8058252427184466,
    "precision": 0.8590466877538192,
    "auc": 0.8886258224449051,
    "f1-score": 0.8036475486772179,
    "accuracy": 0.8058252427184466
  },
  "11": {
    "loss": 0.8809717581110094,
    "recall": 0.7766990291262136,
    "precision": 0.825054140204881,
    "auc": 0.88840865947355,
    "f1-score": 0.7851293611038671,
    "accuracy": 0.7766990291262136
  },
  "12": {
    "loss": 0.8729016572526358,
    "recall": 0.8009708737864077,
    "precision": 0.8283546824175005,
    "auc": 0.8883279670200616,
    "f1-score": 0.7988083541298415,
    "accuracy": 0.8009708737864077
  },
  "13": {
    "loss": 0.8303167241290935,
    "recall": 0.8203883495145631,
    "precision": 0.8402203349238224,
    "auc": 0.9057343035391177,
    "f1-score": 0.822017637020746,
    "accuracy": 0.8203883495145631
  },
  "14": {
    "loss": 0.8256534708356394,
    "recall": 0.8300970873786407,
    "precision": 0.8334306202749313,
    "auc": 0.900060004304471,
    "f1-score": 0.826702213624078,
    "accuracy": 0.8300970873786407
  },
  "15": {
    "loss": 0.8147147060597985,
    "recall": 0.8300970873786407,
    "precision": 0.8473729297544261,
    "auc": 0.9008553068138573,
    "f1-score": 0.8336742407335737,
    "accuracy": 0.8300970873786407
  },
  "16": {
    "loss": 0.8104657687029793,
    "recall": 0.8349514563106796,
    "precision": 0.8505169278655857,
    "auc": 0.8854879555438897,
    "f1-score": 0.838870451952732,
    "accuracy": 0.8349514563106796
  },
  "17": {
    "loss": 0.8077958463465126,
    "recall": 0.8495145631067961,
    "precision": 0.8580696744717304,
    "auc": 0.8767893586478571,
    "f1-score": 0.8505991754928811,
    "accuracy": 0.8495145631067961
  },
  "18": {
    "loss": 0.7817481721489175,
    "recall": 0.8495145631067961,
    "precision": 0.8580696744717304,
    "auc": 0.8782306835515302,
    "f1-score": 0.8505991754928811,
    "accuracy": 0.8495145631067961
  },
  "19": {
    "loss": 0.757379214740494,
    "recall": 0.8543689320388349,
    "precision": 0.860068056348753,
    "auc": 0.8861215354873174,
    "f1-score": 0.8547553043535512,
    "accuracy": 0.8543689320388349
  },
  "20": {
    "loss": 0.7698917267391983,
    "recall": 0.8446601941747572,
    "precision": 0.8562250142775556,
    "auc": 0.891551741311731,
    "f1-score": 0.8464280539052312,
    "accuracy": 0.8446601941747572
  },
  "21": {
    "loss": 0.7698464810269551,
    "recall": 0.8737864077669902,
    "precision": 0.8702607955244681,
    "auc": 0.8753111748666091,
    "f1-score": 0.8700681694954339,
    "accuracy": 0.8737864077669902
  },
  "22": {
    "loss": 0.7676106095314026,
    "recall": 0.8543689320388349,
    "precision": 0.8606910691672194,
    "auc": 0.892633473624955,
    "f1-score": 0.8534098841066289,
    "accuracy": 0.8543689320388349
  }
}