loss,accuracy,precision,recall,f1-score,auc
1.0191081375651394,0.6574941451990632,0.7048774887512589,0.6574941451990632,0.6766499223373225,0.8207693759315164
