round,accuracy,auc,f1-score,loss,precision,recall
0,0.16393442622950818,0.4564447587911321,0.0784705565266665,1.8539832280447108,0.05242214060480866,0.16393442622950818
1,0.20140515222482436,nan,0.06752765337752395,nan,0.04056403534270467,0.20140515222482436
