round,accuracy,auc,f1-score,loss,precision,recall
1,0.21844660194174756,nan,0.07832746683170233,nan,0.04771891789989631,0.21844660194174756
