{
  "1": {
    "loss": 0.8018210999893419,
    "accuracy": 0.6875,
    "precision": 0.799396780604631,
    "recall": 0.6875,
    "f1-score": 0.6677049182233453,
    "auc": 0.9644264615855526
  },
  "2": {
    "loss": 0.610602055535172,
    "accuracy": 0.7878787878787878,
    "precision": 0.8411335296455407,
    "recall": 0.7878787878787878,
    "f1-score": 0.7752949945504968,
    "auc": 0.9896502907866545
  },
  "3": {
    "loss": 0.5903371400905378,
    "accuracy": 0.803030303030303,
    "precision": 0.8575135827087681,
    "recall": 0.803030303030303,
    "f1-score": 0.7882048307441382,
    "auc": 0.9832893327211509
  },
  "4": {
    "loss": 0.7606175541877747,
    "accuracy": 0.7613636363636364,
    "precision": 0.8348119621547092,
    "recall": 0.7613636363636364,
    "f1-score": 0.7482383768032106,
    "auc": 0.9743457300275482
  },
  "5": {
    "loss": 0.7783361158587716,
    "accuracy": 0.7727272727272727,
    "precision": 0.8474456443871338,
    "recall": 0.7727272727272727,
    "f1-score": 0.7577525669759421,
    "auc": 0.9698882767064585
  },
  "6": {
    "loss": 0.817062359867674,
    "accuracy": 0.7916666666666666,
    "precision": 0.8586294192105032,
    "recall": 0.7916666666666666,
    "f1-score": 0.776903766593428,
    "auc": 0.9593998699112335
  },
  "7": {
    "loss": 0.7725523818622936,
    "accuracy": 0.8106060606060606,
    "precision": 0.8711601624678293,
    "recall": 0.8106060606060606,
    "f1-score": 0.7962912991164862,
    "auc": 0.9534119605142333
  },
  "8": {
    "loss": 0.7882084331729196,
    "accuracy": 0.8143939393939394,
    "precision": 0.8755695674496214,
    "recall": 0.8143939393939394,
    "f1-score": 0.80049609812363,
    "auc": 0.9466588230792776
  },
  "9": {
    "loss": 0.7113391811197455,
    "accuracy": 0.8049242424242424,
    "precision": 0.8655362092862093,
    "recall": 0.8049242424242424,
    "f1-score": 0.789923829057816,
    "auc": 0.9652873431282523
  },
  "10": {
    "loss": 0.8173398357449155,
    "accuracy": 0.8068181818181818,
    "precision": 0.8780906593406593,
    "recall": 0.8068181818181818,
    "f1-score": 0.7967745700406045,
    "auc": 0.9463288184879093
  },
  "11": {
    "loss": 0.9256824489795801,
    "accuracy": 0.7765151515151515,
    "precision": 0.851686705795202,
    "recall": 0.7765151515151515,
    "f1-score": 0.761802688181947,
    "auc": 0.9357351928374656
  },
  "12": {
    "loss": 0.7668087852723671,
    "accuracy": 0.7992424242424242,
    "precision": 0.8585106796154395,
    "recall": 0.7992424242424242,
    "f1-score": 0.7853025218692761,
    "auc": 0.945018365472911
  },
  "13": {
    "loss": 0.8074827934756423,
    "accuracy": 0.8011363636363636,
    "precision": 0.865284178187404,
    "recall": 0.8011363636363636,
    "f1-score": 0.7867990692728836,
    "auc": 0.9249406948270584
  },
  "14": {
    "loss": 0.7467325149160443,
    "accuracy": 0.8106060606060606,
    "precision": 0.869908056724326,
    "recall": 0.8106060606060606,
    "f1-score": 0.7955610579149787,
    "auc": 0.951738024181206
  },
  "15": {
    "loss": 0.7807493065342759,
    "accuracy": 0.8200757575757576,
    "precision": 0.8772736115163894,
    "recall": 0.8200757575757576,
    "f1-score": 0.8054359676374498,
    "auc": 0.9422635445362718
  },
  "16": {
    "loss": 0.7301428787636034,
    "accuracy": 0.8295454545454546,
    "precision": 0.8866350874862989,
    "recall": 0.8295454545454546,
    "f1-score": 0.8148054945173793,
    "auc": 0.9602081420263238
  },
  "17": {
    "loss": 0.848018717585188,
    "accuracy": 0.803030303030303,
    "precision": 0.8726027397260274,
    "recall": 0.803030303030303,
    "f1-score": 0.7872843105603464,
    "auc": 0.9274420339761249
  },
  "18": {
    "loss": 0.8263179443099282,
    "accuracy": 0.8011363636363636,
    "precision": 0.8645037496658367,
    "recall": 0.8011363636363636,
    "f1-score": 0.7870058067751037,
    "auc": 0.9292785812672176
  },
  "19": {
    "loss": 0.8905571681080442,
    "accuracy": 0.7821969696969697,
    "precision": 0.8497906698564592,
    "recall": 0.7821969696969697,
    "f1-score": 0.7695409766671915,
    "auc": 0.9149783823079278
  },
  "20": {
    "loss": 0.8780565027034644,
    "accuracy": 0.7840909090909091,
    "precision": 0.8487549230739383,
    "recall": 0.7840909090909091,
    "f1-score": 0.7694783862435531,
    "auc": 0.9109035430058158
  },
  "21": {
    "loss": 0.864921976219524,
    "accuracy": 0.8087121212121212,
    "precision": 0.873904718634387,
    "recall": 0.8087121212121212,
    "f1-score": 0.7961529661354516,
    "auc": 0.8984781527395164
  },
  "22": {
    "loss": 0.8660348256429037,
    "accuracy": 0.7954545454545454,
    "precision": 0.8644920333724887,
    "recall": 0.7954545454545454,
    "f1-score": 0.7795445606522368,
    "auc": 0.8979664064891337
  }
}