{
  "1": {
    "loss": 0.7998950788469026,
    "accuracy": 0.6856060606060606,
    "precision": 0.7986613668869058,
    "recall": 0.6856060606060606,
    "f1-score": 0.6684445303440278,
    "auc": 0.9619538184879093
  },
  "2": {
    "loss": 0.5982486714016307,
    "accuracy": 0.7992424242424242,
    "precision": 0.8435500601287601,
    "recall": 0.7992424242424242,
    "f1-score": 0.7871542490358298,
    "auc": 0.990118992959902
  },
  "3": {
    "loss": 0.5589489078882969,
    "accuracy": 0.8257575757575758,
    "precision": 0.872764629366238,
    "recall": 0.8257575757575758,
    "f1-score": 0.8155687774392709,
    "auc": 0.9850924012855831
  },
  "4": {
    "loss": 0.7602236532803738,
    "accuracy": 0.7651515151515151,
    "precision": 0.8393349329395842,
    "recall": 0.7651515151515151,
    "f1-score": 0.7500440551589933,
    "auc": 0.9746852999693909
  },
  "5": {
    "loss": 0.7601017897779291,
    "accuracy": 0.7746212121212122,
    "precision": 0.8447594947695702,
    "recall": 0.7746212121212122,
    "f1-score": 0.75956616712956,
    "auc": 0.966779537802265
  },
  "6": {
    "loss": 0.8259109963070262,
    "accuracy": 0.7840909090909091,
    "precision": 0.853127136021873,
    "recall": 0.7840909090909091,
    "f1-score": 0.768368832941063,
    "auc": 0.9543684955616774
  },
  "7": {
    "loss": 0.7929528536218585,
    "accuracy": 0.7954545454545454,
    "precision": 0.8633645424343097,
    "recall": 0.7954545454545454,
    "f1-score": 0.7803777964842358,
    "auc": 0.9499062595653505
  },
  "8": {
    "loss": 0.7783147439812169,
    "accuracy": 0.8143939393939394,
    "precision": 0.8733472199307045,
    "recall": 0.8143939393939394,
    "f1-score": 0.7997564709215361,
    "auc": 0.9526132537496174
  },
  "9": {
    "loss": 0.7165191778630922,
    "accuracy": 0.8049242424242424,
    "precision": 0.8669685577580314,
    "recall": 0.8049242424242424,
    "f1-score": 0.7909219791028358,
    "auc": 0.9606624961738599
  },
  "10": {
    "loss": 0.8390024232141899,
    "accuracy": 0.7973484848484849,
    "precision": 0.8764637002341921,
    "recall": 0.7973484848484849,
    "f1-score": 0.7896283541952833,
    "auc": 0.9455301117232935
  },
  "11": {
    "loss": 0.9232398975979198,
    "accuracy": 0.7689393939393939,
    "precision": 0.8478047182175622,
    "recall": 0.7689393939393939,
    "f1-score": 0.7525784791002182,
    "auc": 0.9410057009488828
  },
  "12": {
    "loss": 0.7653983813343626,
    "accuracy": 0.803030303030303,
    "precision": 0.8676246669204415,
    "recall": 0.803030303030303,
    "f1-score": 0.790478510626973,
    "auc": 0.9483710208142025
  },
  "13": {
    "loss": 0.8036130115841374,
    "accuracy": 0.8087121212121212,
    "precision": 0.8729575942526544,
    "recall": 0.8087121212121212,
    "f1-score": 0.7949340521638593,
    "auc": 0.9276763850627487
  },
  "14": {
    "loss": 0.7632642496715892,
    "accuracy": 0.7992424242424242,
    "precision": 0.8547914462780163,
    "recall": 0.7992424242424242,
    "f1-score": 0.7836762061520531,
    "auc": 0.9504562672176309
  },
  "15": {
    "loss": 0.7939037915432092,
    "accuracy": 0.8125,
    "precision": 0.8742034237161065,
    "recall": 0.8125,
    "f1-score": 0.7978274527840141,
    "auc": 0.9304072926232019
  },
  "16": {
    "loss": 0.768572879560066,
    "accuracy": 0.803030303030303,
    "precision": 0.8668127232640165,
    "recall": 0.803030303030303,
    "f1-score": 0.7897578354641638,
    "auc": 0.9571615779002143
  },
  "17": {
    "loss": 0.8397682742639021,
    "accuracy": 0.8162878787878788,
    "precision": 0.8778937995790838,
    "recall": 0.8162878787878788,
    "f1-score": 0.8026951144543473,
    "auc": 0.9208275941230487
  },
  "18": {
    "loss": 0.8279777440157804,
    "accuracy": 0.8068181818181818,
    "precision": 0.8709427885829755,
    "recall": 0.8068181818181818,
    "f1-score": 0.7935189893798482,
    "auc": 0.9286807468625651
  },
  "19": {
    "loss": 0.908383391120217,
    "accuracy": 0.7746212121212122,
    "precision": 0.8442683837769048,
    "recall": 0.7746212121212122,
    "f1-score": 0.7606889800723904,
    "auc": 0.9117165977961433
  },
  "20": {
    "loss": 0.896107818141128,
    "accuracy": 0.7803030303030303,
    "precision": 0.851633226438119,
    "recall": 0.7803030303030303,
    "f1-score": 0.7652737953873635,
    "auc": 0.9075461049892868
  },
  "21": {
    "loss": 0.8573953274524573,
    "accuracy": 0.8106060606060606,
    "precision": 0.874739374498797,
    "recall": 0.8106060606060606,
    "f1-score": 0.7958968138072198,
    "auc": 0.8982677150290788
  },
  "22": {
    "loss": 0.8758675130930814,
    "accuracy": 0.7992424242424242,
    "precision": 0.8681506849315068,
    "recall": 0.7992424242424242,
    "f1-score": 0.7853039132376318,
    "auc": 0.9007307927762472
  }
}