{
  "1": {
    "loss": 0.7937547131018206,
    "accuracy": 0.696969696969697,
    "precision": 0.8018020159756561,
    "recall": 0.696969696969697,
    "f1-score": 0.6777648452176753,
    "auc": 0.9638047138047138
  },
  "2": {
    "loss": 0.5945365528265635,
    "accuracy": 0.7954545454545454,
    "precision": 0.8423100048100048,
    "recall": 0.7954545454545454,
    "f1-score": 0.78275238774048,
    "auc": 0.9906833486378941
  },
  "3": {
    "loss": 0.5779801607131958,
    "accuracy": 0.8143939393939394,
    "precision": 0.8637743513880826,
    "recall": 0.8143939393939394,
    "f1-score": 0.8022510038017729,
    "auc": 0.9837341215182125
  },
  "4": {
    "loss": 0.7721757780421864,
    "accuracy": 0.7651515151515151,
    "precision": 0.8358596889491197,
    "recall": 0.7651515151515151,
    "f1-score": 0.7500844003410634,
    "auc": 0.9707348102234465
  },
  "5": {
    "loss": 0.7585152784983317,
    "accuracy": 0.7765151515151515,
    "precision": 0.8510802469135803,
    "recall": 0.7765151515151515,
    "f1-score": 0.7635576506816064,
    "auc": 0.9696491429445975
  },
  "6": {
    "loss": 0.8062591516610348,
    "accuracy": 0.7916666666666666,
    "precision": 0.8575020646531382,
    "recall": 0.7916666666666666,
    "f1-score": 0.777016922206354,
    "auc": 0.9567311371288643
  },
  "7": {
    "loss": 0.7655671166651177,
    "accuracy": 0.8068181818181818,
    "precision": 0.8708722741433021,
    "recall": 0.8068181818181818,
    "f1-score": 0.7928862039590526,
    "auc": 0.959624655647383
  },
  "8": {
    "loss": 0.7831656987016852,
    "accuracy": 0.8011363636363636,
    "precision": 0.8649529875644525,
    "recall": 0.8011363636363636,
    "f1-score": 0.7866754251975524,
    "auc": 0.9491697275788185
  },
  "9": {
    "loss": 0.7060244227900649,
    "accuracy": 0.8125,
    "precision": 0.8718715256586353,
    "recall": 0.8125,
    "f1-score": 0.7978438574927804,
    "auc": 0.9621307774716865
  },
  "10": {
    "loss": 0.8307267355196404,
    "accuracy": 0.7992424242424242,
    "precision": 0.871202025586354,
    "recall": 0.7992424242424242,
    "f1-score": 0.7891401704807902,
    "auc": 0.9489975512702785
  },
  "11": {
    "loss": 0.9100700661991582,
    "accuracy": 0.7708333333333334,
    "precision": 0.8483458437586878,
    "recall": 0.7708333333333334,
    "f1-score": 0.7560270335270336,
    "auc": 0.9388200183654729
  },
  "12": {
    "loss": 0.7539133285031174,
    "accuracy": 0.8087121212121212,
    "precision": 0.8709158532375003,
    "recall": 0.8087121212121212,
    "f1-score": 0.7948086245699284,
    "auc": 0.9501358279767371
  },
  "13": {
    "loss": 0.8011025081981312,
    "accuracy": 0.8125,
    "precision": 0.8764635124298316,
    "recall": 0.8125,
    "f1-score": 0.7985931621956402,
    "auc": 0.926275061218243
  },
  "14": {
    "loss": 0.7667349369236918,
    "accuracy": 0.7935606060606061,
    "precision": 0.854687103198471,
    "recall": 0.7935606060606061,
    "f1-score": 0.7782815806120891,
    "auc": 0.9489688552188552
  },
  "15": {
    "loss": 0.7850877570383477,
    "accuracy": 0.8162878787878788,
    "precision": 0.8766311757449847,
    "recall": 0.8162878787878788,
    "f1-score": 0.8025605660613736,
    "auc": 0.9350273569023568
  },
  "16": {
    "loss": 0.7456402923121597,
    "accuracy": 0.8238636363636364,
    "precision": 0.8830909329140461,
    "recall": 0.8238636363636364,
    "f1-score": 0.8094743417679178,
    "auc": 0.9509010560146924
  },
  "17": {
    "loss": 0.8400068427577163,
    "accuracy": 0.8106060606060606,
    "precision": 0.8758499564951179,
    "recall": 0.8106060606060606,
    "f1-score": 0.7978757860887253,
    "auc": 0.927724211815121
  },
  "18": {
    "loss": 0.8194175037470731,
    "accuracy": 0.8181818181818182,
    "precision": 0.877874614332517,
    "recall": 0.8181818181818182,
    "f1-score": 0.8033320354231938,
    "auc": 0.9253233088460361
  },
  "19": {
    "loss": 0.8924410848906545,
    "accuracy": 0.7840909090909091,
    "precision": 0.8545206971677559,
    "recall": 0.7840909090909091,
    "f1-score": 0.7712727192132345,
    "auc": 0.9056952096724824
  },
  "20": {
    "loss": 0.8716524550409028,
    "accuracy": 0.7916666666666666,
    "precision": 0.8580099237993974,
    "recall": 0.7916666666666666,
    "f1-score": 0.7764626912035286,
    "auc": 0.9110996326905418
  },
  "21": {
    "loss": 0.8435287529771979,
    "accuracy": 0.8143939393939394,
    "precision": 0.8762133612485725,
    "recall": 0.8143939393939394,
    "f1-score": 0.7993307893479519,
    "auc": 0.9007260101010102
  },
  "22": {
    "loss": 0.8562321771274913,
    "accuracy": 0.8087121212121212,
    "precision": 0.8735765838011227,
    "recall": 0.8087121212121212,
    "f1-score": 0.7935345076484289,
    "auc": 0.9019886363636364
  }
}