{
  "1": {
    "loss": 0.7893543189222162,
    "accuracy": 0.7007575757575758,
    "precision": 0.79468888797774,
    "recall": 0.7007575757575758,
    "f1-score": 0.6818693497741222,
    "auc": 0.9664208371594736
  },
  "2": {
    "loss": 0.5947166067181211,
    "accuracy": 0.7897727272727273,
    "precision": 0.8371132534091378,
    "recall": 0.7897727272727273,
    "f1-score": 0.775726815883586,
    "auc": 0.9908507422711967
  },
  "3": {
    "loss": 0.56830448995937,
    "accuracy": 0.8087121212121212,
    "precision": 0.8628929342110035,
    "recall": 0.8087121212121212,
    "f1-score": 0.7965365626957187,
    "auc": 0.9846858738904193
  },
  "4": {
    "loss": 0.7550742599097165,
    "accuracy": 0.7689393939393939,
    "precision": 0.840310967495039,
    "recall": 0.7689393939393939,
    "f1-score": 0.7530162300329418,
    "auc": 0.9749579124579124
  },
  "5": {
    "loss": 0.7727952175068132,
    "accuracy": 0.7689393939393939,
    "precision": 0.8469664367898878,
    "recall": 0.7689393939393939,
    "f1-score": 0.755697896600504,
    "auc": 0.9717296066727885
  },
  "6": {
    "loss": 0.8041775172406976,
    "accuracy": 0.7859848484848485,
    "precision": 0.8543062200956938,
    "recall": 0.7859848484848485,
    "f1-score": 0.7713532230076602,
    "auc": 0.958974211815121
  },
  "7": {
    "loss": 0.7697250427621783,
    "accuracy": 0.7992424242424242,
    "precision": 0.8610905578164179,
    "recall": 0.7992424242424242,
    "f1-score": 0.7856378609284338,
    "auc": 0.9581707223752678
  },
  "8": {
    "loss": 0.7872801531444896,
    "accuracy": 0.803030303030303,
    "precision": 0.8654307336969875,
    "recall": 0.803030303030303,
    "f1-score": 0.7874401116746284,
    "auc": 0.9509871441689624
  },
  "9": {
    "loss": 0.7089957414251385,
    "accuracy": 0.8087121212121212,
    "precision": 0.8678898332788493,
    "recall": 0.8087121212121212,
    "f1-score": 0.7939527574861052,
    "auc": 0.9653064738292011
  },
  "10": {
    "loss": 0.8434964454535282,
    "accuracy": 0.7935606060606061,
    "precision": 0.8708733470025707,
    "recall": 0.7935606060606061,
    "f1-score": 0.7861150555938766,
    "auc": 0.944133570554025
  },
  "11": {
    "loss": 0.9046566757288846,
    "accuracy": 0.7746212121212122,
    "precision": 0.8492715046231437,
    "recall": 0.7746212121212122,
    "f1-score": 0.7595303794889104,
    "auc": 0.9435787802265075
  },
  "12": {
    "loss": 0.7567724874525359,
    "accuracy": 0.8143939393939394,
    "precision": 0.875116871393107,
    "recall": 0.8143939393939394,
    "f1-score": 0.8006622858514957,
    "auc": 0.9466827364554637
  },
  "13": {
    "loss": 0.8067423737410343,
    "accuracy": 0.8068181818181818,
    "precision": 0.8674052109930539,
    "recall": 0.8068181818181818,
    "f1-score": 0.7923129111410142,
    "auc": 0.9256102693602694
  },
  "14": {
    "loss": 0.7734282703110666,
    "accuracy": 0.8011363636363636,
    "precision": 0.8615066654170159,
    "recall": 0.8011363636363636,
    "f1-score": 0.7867157662365017,
    "auc": 0.9493466865625956
  },
  "15": {
    "loss": 0.8026242743838917,
    "accuracy": 0.7992424242424242,
    "precision": 0.8608433097944023,
    "recall": 0.7992424242424242,
    "f1-score": 0.7858120099807283,
    "auc": 0.9344534358738905
  },
  "16": {
    "loss": 0.7582759712681626,
    "accuracy": 0.8200757575757576,
    "precision": 0.8814783347493628,
    "recall": 0.8200757575757576,
    "f1-score": 0.8063583246935848,
    "auc": 0.9541245791245792
  },
  "17": {
    "loss": 0.8411722110979485,
    "accuracy": 0.8049242424242424,
    "precision": 0.8699262837081072,
    "recall": 0.8049242424242424,
    "f1-score": 0.7917785774699533,
    "auc": 0.9224680517294153
  },
  "18": {
    "loss": 0.829621310486938,
    "accuracy": 0.8087121212121212,
    "precision": 0.8738662131519275,
    "recall": 0.8087121212121212,
    "f1-score": 0.7945466755321045,
    "auc": 0.924237641567187
  },
  "19": {
    "loss": 0.8714567097750577,
    "accuracy": 0.7916666666666666,
    "precision": 0.8617511520737328,
    "recall": 0.7916666666666666,
    "f1-score": 0.7779847635013927,
    "auc": 0.9106548438934803
  },
  "20": {
    "loss": 0.8945598530046868,
    "accuracy": 0.7897727272727273,
    "precision": 0.8578972811437947,
    "recall": 0.7897727272727273,
    "f1-score": 0.7751484259907548,
    "auc": 0.9029260407101316
  },
  "21": {
    "loss": 0.8450834263454784,
    "accuracy": 0.821969696969697,
    "precision": 0.882202304737516,
    "recall": 0.821969696969697,
    "f1-score": 0.8079630202616518,
    "auc": 0.904389539332721
  },
  "22": {
    "loss": 0.8691703839735552,
    "accuracy": 0.7992424242424242,
    "precision": 0.8673625413468139,
    "recall": 0.7992424242424242,
    "f1-score": 0.7850224538960657,
    "auc": 0.8992672941536577
  }
}