{
  "1": {
    "loss": 0.7899411681926611,
    "accuracy": 0.7045454545454546,
    "precision": 0.8136610623125147,
    "recall": 0.7045454545454546,
    "f1-score": 0.6893768271026115,
    "auc": 0.9634173171104989
  },
  "2": {
    "loss": 0.6064845757050947,
    "accuracy": 0.7935606060606061,
    "precision": 0.8486168227601203,
    "recall": 0.7935606060606061,
    "f1-score": 0.782152232900757,
    "auc": 0.9902816039179676
  },
  "3": {
    "loss": 0.5653540564305854,
    "accuracy": 0.8143939393939394,
    "precision": 0.8616128285706282,
    "recall": 0.8143939393939394,
    "f1-score": 0.8012731738178167,
    "auc": 0.9849250076522804
  },
  "4": {
    "loss": 0.763172630107764,
    "accuracy": 0.7765151515151515,
    "precision": 0.8498636529757387,
    "recall": 0.7765151515151515,
    "f1-score": 0.7614129621790989,
    "auc": 0.9714426461585552
  },
  "5": {
    "loss": 0.7643472434896411,
    "accuracy": 0.7746212121212122,
    "precision": 0.8465037511295002,
    "recall": 0.7746212121212122,
    "f1-score": 0.7604014311670477,
    "auc": 0.9707300275482094
  },
  "6": {
    "loss": 0.7914119272521047,
    "accuracy": 0.7916666666666666,
    "precision": 0.8574695121951219,
    "recall": 0.7916666666666666,
    "f1-score": 0.7765416229746642,
    "auc": 0.9590555172941537
  },
  "7": {
    "loss": 0.791864607370261,
    "accuracy": 0.803030303030303,
    "precision": 0.8692207307979121,
    "recall": 0.803030303030303,
    "f1-score": 0.7897085094778064,
    "auc": 0.9482992806856444
  },
  "8": {
    "loss": 0.778914603320035,
    "accuracy": 0.8125,
    "precision": 0.8737837290991076,
    "recall": 0.8125,
    "f1-score": 0.7973560001793614,
    "auc": 0.9514175849403123
  },
  "9": {
    "loss": 0.7042335073153178,
    "accuracy": 0.8181818181818182,
    "precision": 0.8769789024116117,
    "recall": 0.8181818181818182,
    "f1-score": 0.8036742828963717,
    "auc": 0.9634460131619222
  },
  "10": {
    "loss": 0.8183481115283389,
    "accuracy": 0.8106060606060606,
    "precision": 0.8792506513094748,
    "recall": 0.8106060606060606,
    "f1-score": 0.8000137375508213,
    "auc": 0.9468357820630549
  },
  "11": {
    "loss": 0.9099521673086918,
    "accuracy": 0.7784090909090909,
    "precision": 0.8535366406161513,
    "recall": 0.7784090909090909,
    "f1-score": 0.7638548887825163,
    "auc": 0.938973063973064
  },
  "12": {
    "loss": 0.758838359153632,
    "accuracy": 0.8125,
    "precision": 0.8756401229035975,
    "recall": 0.8125,
    "f1-score": 0.7991560735322404,
    "auc": 0.9444492271196816
  },
  "13": {
    "loss": 0.7989192939165867,
    "accuracy": 0.8049242424242424,
    "precision": 0.8678571428571428,
    "recall": 0.8049242424242424,
    "f1-score": 0.7910040269689393,
    "auc": 0.9255433119069483
  },
  "14": {
    "loss": 0.7766653398672739,
    "accuracy": 0.7954545454545454,
    "precision": 0.8565473185551118,
    "recall": 0.7954545454545454,
    "f1-score": 0.7790034176201613,
    "auc": 0.9494614707682889
  },
  "15": {
    "loss": 0.7994192080064253,
    "accuracy": 0.8200757575757576,
    "precision": 0.8793710772383758,
    "recall": 0.8200757575757576,
    "f1-score": 0.8052483217723507,
    "auc": 0.9364023760330579
  },
  "16": {
    "loss": 0.740589852585937,
    "accuracy": 0.8143939393939394,
    "precision": 0.8755955578101378,
    "recall": 0.8143939393939394,
    "f1-score": 0.8007939678809245,
    "auc": 0.957482017141108
  },
  "17": {
    "loss": 0.8632927266034213,
    "accuracy": 0.803030303030303,
    "precision": 0.8711710426179604,
    "recall": 0.803030303030303,
    "f1-score": 0.7900232445263501,
    "auc": 0.9118983394551577
  },
  "18": {
    "loss": 0.8340208006627632,
    "accuracy": 0.803030303030303,
    "precision": 0.8687685344154831,
    "recall": 0.803030303030303,
    "f1-score": 0.7899364784361075,
    "auc": 0.9337695133149679
  },
  "19": {
    "loss": 0.9038387112545244,
    "accuracy": 0.7746212121212122,
    "precision": 0.8521870286576169,
    "recall": 0.7746212121212122,
    "f1-score": 0.761219703233725,
    "auc": 0.9126253060912151
  },
  "20": {
    "loss": 0.8821330585262992,
    "accuracy": 0.7878787878787878,
    "precision": 0.8555023923444977,
    "recall": 0.7878787878787878,
    "f1-score": 0.7728194986674842,
    "auc": 0.9043943220079583
  },
  "21": {
    "loss": 0.8509833930116711,
    "accuracy": 0.8143939393939394,
    "precision": 0.8776776940714052,
    "recall": 0.8143939393939394,
    "f1-score": 0.8015806924954363,
    "auc": 0.8996738215488216
  },
  "22": {
    "loss": 0.8791691462198893,
    "accuracy": 0.7954545454545454,
    "precision": 0.8649523057293882,
    "recall": 0.7954545454545454,
    "f1-score": 0.77999033911853,
    "auc": 0.8957855065809612
  }
}