{
  "1": {
    "loss": 0.8028338172219016,
    "accuracy": 0.6837121212121212,
    "precision": 0.792306178669815,
    "recall": 0.6837121212121212,
    "f1-score": 0.6646482888742951,
    "auc": 0.9613942454851546
  },
  "2": {
    "loss": 0.6096337284102584,
    "accuracy": 0.7840909090909091,
    "precision": 0.8426979594944419,
    "recall": 0.7840909090909091,
    "f1-score": 0.7761082150183322,
    "auc": 0.9903007346189163
  },
  "3": {
    "loss": 0.5670301507819783,
    "accuracy": 0.821969696969697,
    "precision": 0.8706322317378877,
    "recall": 0.821969696969697,
    "f1-score": 0.8132130959269146,
    "auc": 0.9846906565656566
  },
  "4": {
    "loss": 0.7738511724905535,
    "accuracy": 0.759469696969697,
    "precision": 0.8382018468118602,
    "recall": 0.759469696969697,
    "f1-score": 0.7447391087971824,
    "auc": 0.9700413223140496
  },
  "5": {
    "loss": 0.7593222404971267,
    "accuracy": 0.7803030303030303,
    "precision": 0.8512332079668068,
    "recall": 0.7803030303030303,
    "f1-score": 0.7668504686933719,
    "auc": 0.9694339225589226
  },
  "6": {
    "loss": 0.7979249809727524,
    "accuracy": 0.7897727272727273,
    "precision": 0.8572158924919662,
    "recall": 0.7897727272727273,
    "f1-score": 0.7742405770877855,
    "auc": 0.9602655341291705
  },
  "7": {
    "loss": 0.7868461599855712,
    "accuracy": 0.7954545454545454,
    "precision": 0.8566684472934473,
    "recall": 0.7954545454545454,
    "f1-score": 0.7808954735230371,
    "auc": 0.9525223829201102
  },
  "8": {
    "loss": 0.7852231101556257,
    "accuracy": 0.8068181818181818,
    "precision": 0.8692655577238795,
    "recall": 0.8068181818181818,
    "f1-score": 0.7924249655005114,
    "auc": 0.952885866238139
  },
  "9": {
    "loss": 0.7000391943888231,
    "accuracy": 0.8106060606060606,
    "precision": 0.8661341701136309,
    "recall": 0.8106060606060606,
    "f1-score": 0.7967508636909392,
    "auc": 0.9614803336394245
  },
  "10": {
    "loss": 0.8086234493689104,
    "accuracy": 0.8106060606060606,
    "precision": 0.8787988789086243,
    "recall": 0.8106060606060606,
    "f1-score": 0.7995103273841905,
    "auc": 0.9492319023569024
  },
  "11": {
    "loss": 0.9191548137953787,
    "accuracy": 0.7575757575757576,
    "precision": 0.8356321371451315,
    "recall": 0.7575757575757576,
    "f1-score": 0.7427606823258998,
    "auc": 0.9425887664524027
  },
  "12": {
    "loss": 0.7588153093150167,
    "accuracy": 0.8143939393939394,
    "precision": 0.8768136069537938,
    "recall": 0.8143939393939394,
    "f1-score": 0.8012768743520188,
    "auc": 0.949877563513927
  },
  "13": {
    "loss": 0.8171447045875319,
    "accuracy": 0.803030303030303,
    "precision": 0.865392403295629,
    "recall": 0.803030303030303,
    "f1-score": 0.7884734911400799,
    "auc": 0.9232332797673708
  },
  "14": {
    "loss": 0.7637207733862328,
    "accuracy": 0.803030303030303,
    "precision": 0.8610630110630111,
    "recall": 0.803030303030303,
    "f1-score": 0.7879033127528267,
    "auc": 0.9505806167737986
  },
  "15": {
    "loss": 0.799450521216248,
    "accuracy": 0.8162878787878788,
    "precision": 0.875048076923077,
    "recall": 0.8162878787878788,
    "f1-score": 0.8019314378238184,
    "auc": 0.9346351775329048
  },
  "16": {
    "loss": 0.7314069704575972,
    "accuracy": 0.8238636363636364,
    "precision": 0.8804411812934541,
    "recall": 0.8238636363636364,
    "f1-score": 0.8087224055759524,
    "auc": 0.9615903351698807
  },
  "17": {
    "loss": 0.8528297498370662,
    "accuracy": 0.7973484848484849,
    "precision": 0.8651960784313726,
    "recall": 0.7973484848484849,
    "f1-score": 0.7820696101474716,
    "auc": 0.9279968243036424
  },
  "18": {
    "loss": 0.8271939221656683,
    "accuracy": 0.8106060606060606,
    "precision": 0.8735545262627218,
    "recall": 0.8106060606060606,
    "f1-score": 0.7959628227722785,
    "auc": 0.9234867615549434
  },
  "19": {
    "loss": 0.8884046366720488,
    "accuracy": 0.7784090909090909,
    "precision": 0.8474005150148857,
    "recall": 0.7784090909090909,
    "f1-score": 0.7634313607131419,
    "auc": 0.9101335322926233
  },
  "20": {
    "loss": 0.8516497873898708,
    "accuracy": 0.7954545454545454,
    "precision": 0.8609213250517599,
    "recall": 0.7954545454545454,
    "f1-score": 0.7803586668265938,
    "auc": 0.9152749081726355
  },
  "21": {
    "loss": 0.8466559594327753,
    "accuracy": 0.8106060606060606,
    "precision": 0.8760320660522273,
    "recall": 0.8106060606060606,
    "f1-score": 0.7960226300619333,
    "auc": 0.9055804254667892
  },
  "22": {
    "loss": 0.8722320397694906,
    "accuracy": 0.7973484848484849,
    "precision": 0.8669011477230656,
    "recall": 0.7973484848484849,
    "f1-score": 0.7832226061734259,
    "auc": 0.8955846342209979
  }
}