{
  "1": {
    "loss": 0.7945835174936237,
    "accuracy": 0.6742424242424242,
    "precision": 0.7899525422817348,
    "recall": 0.6742424242424242,
    "f1-score": 0.6563953586789015,
    "auc": 0.9657130012243649
  },
  "2": {
    "loss": 0.6022155754493944,
    "accuracy": 0.7973484848484849,
    "precision": 0.8510981191382408,
    "recall": 0.7973484848484849,
    "f1-score": 0.7881928710236425,
    "auc": 0.9893441995714725
  },
  "3": {
    "loss": 0.579591716780807,
    "accuracy": 0.8238636363636364,
    "precision": 0.8688117832940149,
    "recall": 0.8238636363636364,
    "f1-score": 0.8119225945649481,
    "auc": 0.9812710437710437
  },
  "4": {
    "loss": 0.7636759037321265,
    "accuracy": 0.7689393939393939,
    "precision": 0.8395048137400031,
    "recall": 0.7689393939393939,
    "f1-score": 0.7558338690357375,
    "auc": 0.9719400443832262
  },
  "5": {
    "loss": 0.7656687109759359,
    "accuracy": 0.7821969696969697,
    "precision": 0.8553169602674553,
    "recall": 0.7821969696969697,
    "f1-score": 0.7691117416975786,
    "auc": 0.9713852540557085
  },
  "6": {
    "loss": 0.8070036714727228,
    "accuracy": 0.7916666666666666,
    "precision": 0.8580789919462689,
    "recall": 0.7916666666666666,
    "f1-score": 0.7761328918337429,
    "auc": 0.9583428986838078
  },
  "7": {
    "loss": 0.776433735182791,
    "accuracy": 0.803030303030303,
    "precision": 0.8610704564533498,
    "recall": 0.803030303030303,
    "f1-score": 0.7888386354093718,
    "auc": 0.9570994031221304
  },
  "8": {
    "loss": 0.7961794246326793,
    "accuracy": 0.7992424242424242,
    "precision": 0.8645211368521615,
    "recall": 0.7992424242424242,
    "f1-score": 0.7834400954691697,
    "auc": 0.9495666896235078
  },
  "9": {
    "loss": 0.7024649453885627,
    "accuracy": 0.8011363636363636,
    "precision": 0.8627249397068827,
    "recall": 0.8011363636363636,
    "f1-score": 0.7872648610656787,
    "auc": 0.9677982476277931
  },
  "10": {
    "loss": 0.8205014647859515,
    "accuracy": 0.8068181818181818,
    "precision": 0.8771487294469357,
    "recall": 0.8068181818181818,
    "f1-score": 0.7964206409628946,
    "auc": 0.9496862565044384
  },
  "11": {
    "loss": 0.9329027316787026,
    "accuracy": 0.7613636363636364,
    "precision": 0.841374269005848,
    "recall": 0.7613636363636364,
    "f1-score": 0.7451882734319413,
    "auc": 0.9385139271502908
  },
  "12": {
    "loss": 0.7411883473396301,
    "accuracy": 0.8238636363636364,
    "precision": 0.8833599156630186,
    "recall": 0.8238636363636364,
    "f1-score": 0.8097969793621967,
    "auc": 0.9498823461891643
  },
  "13": {
    "loss": 0.8066694537798563,
    "accuracy": 0.803030303030303,
    "precision": 0.8652951707664834,
    "recall": 0.803030303030303,
    "f1-score": 0.7893693187501305,
    "auc": 0.9285707453321089
  },
  "14": {
    "loss": 0.7518792260776866,
    "accuracy": 0.803030303030303,
    "precision": 0.8614423727922278,
    "recall": 0.803030303030303,
    "f1-score": 0.788247317326248,
    "auc": 0.9490692913988368
  },
  "15": {
    "loss": 0.7875228903510354,
    "accuracy": 0.8087121212121212,
    "precision": 0.8693337912087912,
    "recall": 0.8087121212121212,
    "f1-score": 0.7943306012633744,
    "auc": 0.9432105142332415
  },
  "16": {
    "loss": 0.7589422103130457,
    "accuracy": 0.8143939393939394,
    "precision": 0.8736904530055262,
    "recall": 0.8143939393939394,
    "f1-score": 0.8011070818184326,
    "auc": 0.9570228803183349
  },
  "17": {
    "loss": 0.8514353632926941,
    "accuracy": 0.8049242424242424,
    "precision": 0.8708985831469054,
    "recall": 0.8049242424242424,
    "f1-score": 0.7906713079469228,
    "auc": 0.9258159243954699
  },
  "18": {
    "loss": 0.8185954545483445,
    "accuracy": 0.8162878787878788,
    "precision": 0.8777186931110473,
    "recall": 0.8162878787878788,
    "f1-score": 0.8021081384261424,
    "auc": 0.9249359121518211
  },
  "19": {
    "loss": 0.8954632336443121,
    "accuracy": 0.7878787878787878,
    "precision": 0.8588045019496632,
    "recall": 0.7878787878787878,
    "f1-score": 0.7735233651806359,
    "auc": 0.9057669498010408
  },
  "20": {
    "loss": 0.8835749897089872,
    "accuracy": 0.7859848484848485,
    "precision": 0.8547619047619048,
    "recall": 0.7859848484848485,
    "f1-score": 0.7710411863769395,
    "auc": 0.9120561677379859
  },
  "21": {
    "loss": 0.8546888792153561,
    "accuracy": 0.8125,
    "precision": 0.8767976753349094,
    "recall": 0.8125,
    "f1-score": 0.8000623666485734,
    "auc": 0.8996738215488216
  },
  "22": {
    "loss": 0.8794835851047978,
    "accuracy": 0.7935606060606061,
    "precision": 0.8648385083476362,
    "recall": 0.7935606060606061,
    "f1-score": 0.7794714415639296,
    "auc": 0.8960007269666361
  }
}