{
  "0": {
    "loss": 1.3259943779514323,
    "accuracy": 0.46662763466042156,
    "precision": 0.46780150532159265,
    "recall": 0.46662763466042156,
    "f1-score": 0.4582196481318624,
    "auc": 0.5691362942206268
  },
  "1": {
    "loss": 0.8436322432770383,
    "accuracy": 0.8284543325526932,
    "precision": 0.7467264759984995,
    "recall": 0.8284543325526932,
    "f1-score": 0.7832651834549063,
    "auc": 0.8248388951210504
  },
  "2": {
    "loss": 0.6420952543720987,
    "accuracy": 0.8062060889929742,
    "precision": 0.8313404297539423,
    "recall": 0.8062060889929742,
    "f1-score": 0.8083194318126709,
    "auc": 0.8928308665279009
  },
  "3": {
    "loss": 0.610823819802014,
    "accuracy": 0.8389929742388759,
    "precision": 0.8665912362316488,
    "recall": 0.8389929742388759,
    "f1-score": 0.8202187607826608,
    "auc": 0.8902907954799968
  },
  "4": {
    "loss": 0.618573115497339,
    "accuracy": 0.8384074941451991,
    "precision": 0.8367375309982461,
    "recall": 0.8384074941451991,
    "f1-score": 0.823974095813841,
    "auc": 0.8831123615552438
  },
  "5": {
    "loss": 0.5854512196234852,
    "accuracy": 0.8372365339578455,
    "precision": 0.8584371841481544,
    "recall": 0.8372365339578455,
    "f1-score": 0.8364840907286747,
    "auc": 0.9159684508593993
  },
  "6": {
    "loss": 0.5716560315471623,
    "accuracy": 0.8466042154566745,
    "precision": 0.8611305531101419,
    "recall": 0.8466042154566745,
    "f1-score": 0.8434874760618188,
    "auc": 0.9183944551933214
  },
  "7": {
    "loss": 0.6534533570466052,
    "accuracy": 0.8202576112412178,
    "precision": 0.821263405095168,
    "recall": 0.8202576112412178,
    "f1-score": 0.8127084877155247,
    "auc": 0.8865811901591183
  },
  "8": {
    "loss": 0.5831679725535301,
    "accuracy": 0.8524590163934426,
    "precision": 0.8483037157715325,
    "recall": 0.8524590163934426,
    "f1-score": 0.8324404643923805,
    "auc": 0.9058310734872033
  },
  "9": {
    "loss": 0.6134227270683583,
    "accuracy": 0.8348946135831382,
    "precision": 0.8405252975919739,
    "recall": 0.8348946135831382,
    "f1-score": 0.823906933458842,
    "auc": 0.9230319994128124
  },
  "10": {
    "loss": 0.6087798924300933,
    "accuracy": 0.822599531615925,
    "precision": 0.8388467952080336,
    "recall": 0.822599531615925,
    "f1-score": 0.8241049373189506,
    "auc": 0.9292212345489194
  },
  "11": {
    "loss": 0.6287475249945977,
    "accuracy": 0.8126463700234192,
    "precision": 0.8375991269003608,
    "recall": 0.8126463700234192,
    "f1-score": 0.8167346824904277,
    "auc": 0.9298671740519947
  },
  "12": {
    "loss": 0.6546364610870772,
    "accuracy": 0.8044496487119438,
    "precision": 0.8304188186107576,
    "recall": 0.8044496487119438,
    "f1-score": 0.8093038091820811,
    "auc": 0.9219160729801466
  }
}