{
  "1": {
    "loss": 0.8162394953005522,
    "recall": 0.912621359223301,
    "f1-score": 0.9038771346106814,
    "accuracy": 0.912621359223301,
    "precision": 0.9176356805416063,
    "auc": 0.9741962591049421
  },
  "2": {
    "loss": 0.464297390389211,
    "recall": 0.9368932038834952,
    "f1-score": 0.9335058490648833,
    "accuracy": 0.9368932038834952,
    "precision": 0.9489392304926284,
    "auc": 0.9838472729063176
  },
  "3": {
    "loss": 0.4930241958608905,
    "recall": 0.9466019417475728,
    "f1-score": 0.9413815108341823,
    "accuracy": 0.9466019417475728,
    "precision": 0.9529249331644856,
    "auc": 0.9574505128574125
  },
  "4": {
    "loss": 0.4569377673482432,
    "recall": 0.9611650485436893,
    "f1-score": 0.9553797335350734,
    "accuracy": 0.9611650485436893,
    "precision": 0.9633560473577358,
    "auc": 0.9664654682511825
  },
  "5": {
    "loss": 0.4798528650431957,
    "recall": 0.9514563106796117,
    "f1-score": 0.9455772306664821,
    "accuracy": 0.9514563106796117,
    "precision": 0.9546000924641701,
    "auc": 0.9668320211829721
  },
  "6": {
    "loss": 0.46374509346137927,
    "recall": 0.9611650485436893,
    "f1-score": 0.9553144896040678,
    "accuracy": 0.9611650485436893,
    "precision": 0.9631190193476288,
    "auc": 0.9654908154908154
  },
  "7": {
    "loss": 0.486709943963486,
    "recall": 0.9514563106796117,
    "f1-score": 0.9460116762893913,
    "accuracy": 0.9514563106796117,
    "precision": 0.956099620092866,
    "auc": 0.933122929438166
  },
  "8": {
    "loss": 0.46495910495230297,
    "recall": 0.9660194174757282,
    "f1-score": 0.960136674350703,
    "accuracy": 0.9660194174757282,
    "precision": 0.9675284930350359,
    "auc": 0.9626805144662286
  },
  "9": {
    "loss": 0.4680114021000353,
    "recall": 0.9660194174757282,
    "f1-score": 0.960136674350703,
    "accuracy": 0.9660194174757282,
    "precision": 0.9675284930350359,
    "auc": 0.9588783240568954
  },
  "10": {
    "loss": 0.4684436000087886,
    "recall": 0.9660194174757282,
    "f1-score": 0.960136674350703,
    "accuracy": 0.9660194174757282,
    "precision": 0.9675284930350359,
    "auc": 0.9426714051714051
  },
  "11": {
    "loss": 0.4721220699907507,
    "recall": 0.9514563106796117,
    "f1-score": 0.9462043375189935,
    "accuracy": 0.9514563106796117,
    "precision": 0.9558962634762274,
    "auc": 0.9549469111969112
  },
  "12": {
    "loss": 0.46572227559043367,
    "recall": 0.9563106796116505,
    "f1-score": 0.9509684765452324,
    "accuracy": 0.9563106796116505,
    "precision": 0.9605734656589217,
    "auc": 0.9718117468117469
  }
}