loss,accuracy,precision,recall,f1-score,auc
0.730412526069257,0.8384074941451991,0.8367375309982461,0.8384074941451991,0.823974095813841,0.8831123615552438
