{
  "0": {
    "loss": 1.2447413175390811,
    "accuracy": 0.6750585480093677,
    "precision": 0.5733973978221604,
    "recall": 0.6750585480093677,
    "f1-score": 0.6033898239783996,
    "auc": 0.5565967095011923
  },
  "1": {
    "loss": 0.9272651569067175,
    "accuracy": 0.7096018735362998,
    "precision": 0.6881544933617645,
    "recall": 0.7096018735362998,
    "f1-score": 0.6889175365915754,
    "auc": 0.7169746011409892
  },
  "2": {
    "loss": 0.890925944689007,
    "accuracy": 0.6891100702576113,
    "precision": 0.6985817915643693,
    "recall": 0.6891100702576113,
    "f1-score": 0.6864791303482889,
    "auc": 0.724545650187333
  },
  "3": {
    "loss": 0.8972244407868217,
    "accuracy": 0.705503512880562,
    "precision": 0.7030256491714694,
    "recall": 0.705503512880562,
    "f1-score": 0.6969140123485165,
    "auc": 0.746556615920019
  },
  "4": {
    "loss": 0.9679816823095013,
    "accuracy": 0.6844262295081968,
    "precision": 0.7119951727783661,
    "recall": 0.6844262295081968,
    "f1-score": 0.6840878021287229,
    "auc": 0.7359195961069609
  },
  "5": {
    "loss": 0.9921863027422992,
    "accuracy": 0.6727166276346604,
    "precision": 0.705672429712474,
    "recall": 0.6727166276346604,
    "f1-score": 0.6835808432570832,
    "auc": 0.7424657423824353
  },
  "6": {
    "loss": 1.0199530879842593,
    "accuracy": 0.6879391100702577,
    "precision": 0.7075310824972715,
    "recall": 0.6879391100702577,
    "f1-score": 0.6894373219896861,
    "auc": 0.7387578079611125
  },
  "7": {
    "loss": 1.016373180812639,
    "accuracy": 0.6680327868852459,
    "precision": 0.6991062839478638,
    "recall": 0.6680327868852459,
    "f1-score": 0.6788761813812666,
    "auc": 0.7483682739516657
  },
  "8": {
    "loss": 1.0239733925887518,
    "accuracy": 0.6768149882903981,
    "precision": 0.7041479254293137,
    "recall": 0.6768149882903981,
    "f1-score": 0.6850458540643757,
    "auc": 0.7513740638322943
  },
  "9": {
    "loss": 1.079857703394298,
    "accuracy": 0.6633489461358314,
    "precision": 0.7076803810935953,
    "recall": 0.6633489461358314,
    "f1-score": 0.6778845042481728,
    "auc": 0.7501603863596025
  },
  "10": {
    "loss": 1.0464105363193663,
    "accuracy": 0.6768149882903981,
    "precision": 0.7030116928970919,
    "recall": 0.6768149882903981,
    "f1-score": 0.6844290170423493,
    "auc": 0.7552370712256355
  },
  "11": {
    "loss": 1.0759668833198814,
    "accuracy": 0.705503512880562,
    "precision": 0.7057297908573165,
    "recall": 0.705503512880562,
    "f1-score": 0.7008698414423198,
    "auc": 0.7511964327347485
  },
  "12": {
    "loss": 1.0920740360398482,
    "accuracy": 0.6768149882903981,
    "precision": 0.7085640255165497,
    "recall": 0.6768149882903981,
    "f1-score": 0.6840552994576212,
    "auc": 0.7494941913497378
  },
  "13": {
    "loss": 1.104875061216064,
    "accuracy": 0.6779859484777517,
    "precision": 0.7044104806914119,
    "recall": 0.6779859484777517,
    "f1-score": 0.6836044750151666,
    "auc": 0.739649752767895
  },
  "14": {
    "loss": 1.1204922626392624,
    "accuracy": 0.6914519906323185,
    "precision": 0.7097021862342202,
    "recall": 0.6914519906323185,
    "f1-score": 0.6914515015435957,
    "auc": 0.7408108050841185
  },
  "15": {
    "loss": 1.0840385335669864,
    "accuracy": 0.7060889929742389,
    "precision": 0.707689740106624,
    "recall": 0.7060889929742389,
    "f1-score": 0.6988962062223517,
    "auc": 0.758587828700791
  },
  "16": {
    "loss": 1.1056102692941312,
    "accuracy": 0.6943793911007026,
    "precision": 0.7069618850219225,
    "recall": 0.6943793911007026,
    "f1-score": 0.6958937886932574,
    "auc": 0.7561156509700973
  },
  "17": {
    "loss": 1.147281961781638,
    "accuracy": 0.7014051522248244,
    "precision": 0.7048810957983527,
    "recall": 0.7014051522248244,
    "f1-score": 0.6973195663139775,
    "auc": 0.7468544960892545
  },
  "18": {
    "loss": 1.1122481670815156,
    "accuracy": 0.699648711943794,
    "precision": 0.704220234528564,
    "recall": 0.699648711943794,
    "f1-score": 0.6953780883294994,
    "auc": 0.7582271755775111
  },
  "19": {
    "loss": 1.164654948951489,
    "accuracy": 0.6814988290398126,
    "precision": 0.7113919882150996,
    "recall": 0.6814988290398126,
    "f1-score": 0.689356535592849,
    "auc": 0.7617766872948405
  },
  "20": {
    "loss": 1.1063320178896259,
    "accuracy": 0.6984777517564403,
    "precision": 0.7102237097978684,
    "recall": 0.6984777517564403,
    "f1-score": 0.6991003017414014,
    "auc": 0.7669501284914333
  },
  "21": {
    "loss": 1.127425709150435,
    "accuracy": 0.7131147540983607,
    "precision": 0.7077962185964073,
    "recall": 0.7131147540983607,
    "f1-score": 0.7043117855651295,
    "auc": 0.7530632763337727
  },
  "22": {
    "loss": 1.0838893889264145,
    "accuracy": 0.7189695550351288,
    "precision": 0.705247406969278,
    "recall": 0.7189695550351288,
    "f1-score": 0.7078899279163184,
    "auc": 0.7506647688221132
  }
}