{
  "1": {
    "loss": 0.969454383387149,
    "auc": 0.8429493838074833,
    "accuracy": 0.8009708737864077,
    "precision": 0.7610295134566979,
    "recall": 0.8009708737864077,
    "f1-score": 0.7679379621035947
  },
  "2": {
    "loss": 0.8238410284218279,
    "auc": 0.877824275708893,
    "accuracy": 0.8349514563106796,
    "precision": 0.8508629989212513,
    "recall": 0.8349514563106796,
    "f1-score": 0.8308146897425074
  },
  "3": {
    "loss": 0.7931038691002188,
    "auc": 0.8874160954504879,
    "accuracy": 0.8252427184466019,
    "precision": 0.8464402080376466,
    "recall": 0.8252427184466019,
    "f1-score": 0.8236360075616683
  },
  "4": {
    "loss": 0.7873636258458628,
    "auc": 0.8901246219527136,
    "accuracy": 0.8300970873786407,
    "precision": 0.8620176925778943,
    "recall": 0.8300970873786407,
    "f1-score": 0.8308207241074175
  },
  "5": {
    "loss": 0.7591056511240099,
    "auc": 0.8900435903309536,
    "accuracy": 0.8155339805825242,
    "precision": 0.8542846548004315,
    "recall": 0.8155339805825242,
    "f1-score": 0.8235752111965705
  },
  "6": {
    "loss": 0.7608132941051594,
    "auc": 0.891171746235757,
    "accuracy": 0.8398058252427184,
    "precision": 0.8621958804158734,
    "recall": 0.8398058252427184,
    "f1-score": 0.8412638163078485
  },
  "7": {
    "loss": 0.7369985163790508,
    "auc": 0.8959110634407011,
    "accuracy": 0.8252427184466019,
    "precision": 0.8570394107380489,
    "recall": 0.8252427184466019,
    "f1-score": 0.8313311116434399
  },
  "8": {
    "loss": 0.743742567242928,
    "auc": 0.8930276409146619,
    "accuracy": 0.8300970873786407,
    "precision": 0.8536142992916627,
    "recall": 0.8300970873786407,
    "f1-score": 0.8335911432935366
  },
  "9": {
    "loss": 0.7561895297568979,
    "auc": 0.8935898873818323,
    "accuracy": 0.7815533980582524,
    "precision": 0.8368426727783228,
    "recall": 0.7815533980582524,
    "f1-score": 0.796661049936919
  },
  "10": {
    "loss": 0.7472646132256221,
    "auc": 0.8931730346610257,
    "accuracy": 0.8203883495145631,
    "precision": 0.8587768723994452,
    "recall": 0.8203883495145631,
    "f1-score": 0.8290849535852391
  },
  "11": {
    "loss": 0.758994428856859,
    "auc": 0.8931769765688001,
    "accuracy": 0.8203883495145631,
    "precision": 0.8504198167398144,
    "recall": 0.8203883495145631,
    "f1-score": 0.8257299167218568
  },
  "12": {
    "loss": 0.7665681757973236,
    "auc": 0.8882100954946511,
    "accuracy": 0.7961165048543689,
    "precision": 0.8461165048543691,
    "recall": 0.7961165048543689,
    "f1-score": 0.8081112016930591
  },
  "13": {
    "loss": 0.7487359029575459,
    "auc": 0.8844751105284152,
    "accuracy": 0.8592233009708737,
    "precision": 0.8748583195394679,
    "recall": 0.8592233009708737,
    "f1-score": 0.8596767489079764
  },
  "14": {
    "loss": 0.762607816353585,
    "auc": 0.883694864460758,
    "accuracy": 0.8300970873786407,
    "precision": 0.8506922219224993,
    "recall": 0.8300970873786407,
    "f1-score": 0.8308257395688369
  },
  "15": {
    "loss": 0.7464920675870285,
    "auc": 0.8911671401843844,
    "accuracy": 0.8446601941747572,
    "precision": 0.8612662138451276,
    "recall": 0.8446601941747572,
    "f1-score": 0.8437499369950199
  },
  "16": {
    "loss": 0.7156542412285666,
    "auc": 0.8919380061447586,
    "accuracy": 0.8786407766990292,
    "precision": 0.8816360762607237,
    "recall": 0.8786407766990292,
    "f1-score": 0.8771506356665955
  },
  "17": {
    "loss": 0.751157495581988,
    "auc": 0.8847645510178204,
    "accuracy": 0.8155339805825242,
    "precision": 0.8486452923910589,
    "recall": 0.8155339805825242,
    "f1-score": 0.8239051321157114
  },
  "18": {
    "loss": 0.735630187016089,
    "auc": 0.8887409854894903,
    "accuracy": 0.8689320388349514,
    "precision": 0.8747684238185043,
    "recall": 0.8689320388349514,
    "f1-score": 0.8675352025192253
  },
  "19": {
    "loss": 0.735776676714999,
    "auc": 0.8925584131084295,
    "accuracy": 0.8252427184466019,
    "precision": 0.8626020101998956,
    "recall": 0.8252427184466019,
    "f1-score": 0.8370347809323525
  },
  "20": {
    "loss": 0.7203497296398126,
    "auc": 0.8859570695862592,
    "accuracy": 0.8640776699029126,
    "precision": 0.8735221143473569,
    "recall": 0.8640776699029126,
    "f1-score": 0.8669386461324904
  },
  "21": {
    "loss": 0.7335505132536286,
    "auc": 0.8821443050201485,
    "accuracy": 0.8640776699029126,
    "precision": 0.8675220152997474,
    "recall": 0.8640776699029126,
    "f1-score": 0.8619108426935578
  },
  "22": {
    "loss": 0.7109443007163632,
    "auc": 0.8884080463833075,
    "accuracy": 0.883495145631068,
    "precision": 0.8787426369583945,
    "recall": 0.883495145631068,
    "f1-score": 0.8786643267631993
  }
}