loss,accuracy,precision,recall,f1-score,auc
1.516391451660308,0.3073770491803279,0.4740231343240099,0.3073770491803279,0.27148352538324894,0.6728231329789278
