round,accuracy,auc,f1-score,loss,precision,recall
0,0.35304449648711944,0.5978858400266815,0.37467582943266875,1.3351358278573815,0.44152508000277413,0.35304449648711944
1,0.7833723653395784,0.7948638753120263,0.7469438717323232,0.8569887100393934,0.7408654413603063,0.7833723653395784
