{
  "0": {
    "loss": 1.3351358278573815,
    "accuracy": 0.35304449648711944,
    "precision": 0.44152508000277413,
    "recall": 0.35304449648711944,
    "f1-score": 0.37467582943266875,
    "auc": 0.5978858400266815
  },
  "1": {
    "loss": 0.8569887100393934,
    "accuracy": 0.7833723653395784,
    "precision": 0.7408654413603063,
    "recall": 0.7833723653395784,
    "f1-score": 0.7469438717323232,
    "auc": 0.7948638753120263
  }
}