round,accuracy,auc,f1-score,loss,precision,recall
1,0.8980582524271845,0.9153897001060866,0.8825457312562909,0.8279067983905088,0.9104700077145894,0.8980582524271845
