{
  "1": {
    "loss": 0.8279067983905088,
    "accuracy": 0.8980582524271845,
    "auc": 0.9153897001060866,
    "recall": 0.8980582524271845,
    "f1-score": 0.8825457312562909,
    "precision": 0.9104700077145894
  }
}