loss,accuracy,precision,recall,f1-score,auc
0.938081832624431,0.7833723653395784,0.7408654413603063,0.7833723653395784,0.7469438717323232,0.7948638753120263
