{
  "0": {
    "loss": 1.2733245621799585,
    "accuracy": 0.42330210772833726,
    "precision": 0.41797116470617074,
    "recall": 0.42330210772833726,
    "f1-score": 0.41754520230141173,
    "auc": 0.4811429569120477
  },
  "1": {
    "loss": 0.8481411802684954,
    "accuracy": 0.7482435597189696,
    "precision": 0.7408323967885597,
    "recall": 0.7482435597189696,
    "f1-score": 0.7211367910147554,
    "auc": 0.8394361637251526
  },
  "2": {
    "loss": 0.7388299893439514,
    "accuracy": 0.7693208430913349,
    "precision": 0.8499453385405494,
    "recall": 0.7693208430913349,
    "f1-score": 0.7658368730122205,
    "auc": 0.9114866933894621
  },
  "3": {
    "loss": 0.623620013861243,
    "accuracy": 0.8243559718969555,
    "precision": 0.8621600285912737,
    "recall": 0.8243559718969555,
    "f1-score": 0.8165518804268718,
    "auc": 0.9137870705426268
  },
  "4": {
    "loss": 0.7152893994116951,
    "accuracy": 0.7827868852459017,
    "precision": 0.8192420003408488,
    "recall": 0.7827868852459017,
    "f1-score": 0.7821617294643882,
    "auc": 0.9076770996181509
  },
  "5": {
    "loss": 0.6319928440053793,
    "accuracy": 0.8284543325526932,
    "precision": 0.8241189422666685,
    "recall": 0.8284543325526932,
    "f1-score": 0.8036288866305996,
    "auc": 0.899988547292425
  },
  "6": {
    "loss": 0.6358679727033932,
    "accuracy": 0.8220140515222483,
    "precision": 0.8277834364942156,
    "recall": 0.8220140515222483,
    "f1-score": 0.8131806438652093,
    "auc": 0.906831252108812
  },
  "7": {
    "loss": 0.6232035189378456,
    "accuracy": 0.8337236533957846,
    "precision": 0.8541111492652539,
    "recall": 0.8337236533957846,
    "f1-score": 0.8072868701477989,
    "auc": 0.9090626468393206
  },
  "8": {
    "loss": 0.6084897426726946,
    "accuracy": 0.8255269320843092,
    "precision": 0.8334388372289904,
    "recall": 0.8255269320843092,
    "f1-score": 0.8198538017645765,
    "auc": 0.9097860463374039
  },
  "9": {
    "loss": 0.6626458145695492,
    "accuracy": 0.8085480093676815,
    "precision": 0.8119740009947769,
    "recall": 0.8085480093676815,
    "f1-score": 0.8019758548476884,
    "auc": 0.901172662461891
  },
  "10": {
    "loss": 0.591736408670278,
    "accuracy": 0.8278688524590164,
    "precision": 0.8497735040760415,
    "recall": 0.8278688524590164,
    "f1-score": 0.8319718974037987,
    "auc": 0.929253216719785
  },
  "11": {
    "loss": 0.6234721164513528,
    "accuracy": 0.8190866510538641,
    "precision": 0.8409397876950141,
    "recall": 0.8190866510538641,
    "f1-score": 0.8187418144065437,
    "auc": 0.9265981591702692
  }
}