{
  "1": {
    "loss": 0.7874557943020052,
    "recall": 0.8737864077669902,
    "f1-score": 0.865812503417214,
    "auc": 0.9632097598652414,
    "precision": 0.9012052226314028,
    "accuracy": 0.8737864077669902
  },
  "2": {
    "loss": 0.5353169290764818,
    "recall": 0.8932038834951457,
    "f1-score": 0.8904165830709154,
    "auc": 0.9753239440739441,
    "precision": 0.9268058004121869,
    "accuracy": 0.8932038834951457
  },
  "3": {
    "loss": 0.4433165751035931,
    "recall": 0.9660194174757282,
    "f1-score": 0.9601561261611067,
    "auc": 0.9742993573350717,
    "precision": 0.9673251364183971,
    "accuracy": 0.9660194174757282
  },
  "4": {
    "loss": 0.47424145780720756,
    "recall": 0.9514563106796117,
    "f1-score": 0.9462043375189935,
    "auc": 0.9795809724381153,
    "precision": 0.9558962634762274,
    "accuracy": 0.9514563106796117
  },
  "5": {
    "loss": 0.4528764411083703,
    "recall": 0.970873786407767,
    "f1-score": 0.9649560795191864,
    "auc": 0.9798138235638236,
    "precision": 0.9721401435204726,
    "accuracy": 0.970873786407767
  },
  "6": {
    "loss": 0.4511166967234565,
    "recall": 0.9660194174757282,
    "f1-score": 0.960136674350703,
    "auc": 0.96256424559996,
    "precision": 0.9675284930350359,
    "accuracy": 0.9660194174757282
  },
  "7": {
    "loss": 0.46143338807578227,
    "recall": 0.9660194174757282,
    "f1-score": 0.9573096627157459,
    "auc": 0.9689090992662421,
    "precision": 0.9677306698330657,
    "accuracy": 0.9660194174757282
  },
  "8": {
    "loss": 0.4498900881091368,
    "recall": 0.9660194174757282,
    "f1-score": 0.960136674350703,
    "auc": 0.9582736841665414,
    "precision": 0.9675284930350359,
    "accuracy": 0.9660194174757282
  },
  "9": {
    "loss": 0.4517004750307324,
    "recall": 0.970873786407767,
    "f1-score": 0.9649560795191864,
    "auc": 0.9335653487439202,
    "precision": 0.9721401435204726,
    "accuracy": 0.970873786407767
  },
  "10": {
    "loss": 0.4258803088688156,
    "recall": 0.970873786407767,
    "f1-score": 0.9649560795191864,
    "auc": 0.9838992169349312,
    "precision": 0.9721401435204726,
    "accuracy": 0.970873786407767
  },
  "11": {
    "loss": 0.45512330445271093,
    "recall": 0.9611650485436893,
    "f1-score": 0.9553797335350734,
    "auc": 0.9733112286683715,
    "precision": 0.9633560473577358,
    "accuracy": 0.9611650485436893
  }
}