loss,accuracy,precision,recall,f1-score,auc
0.7037361865858842,0.8278688524590164,0.8497735040760415,0.8278688524590164,0.8319718974037987,0.929253216719785
