{
  "0": {
    "loss": 1.4014149597154568,
    "accuracy": 0.24882903981264637,
    "precision": 0.6625333784512111,
    "recall": 0.24882903981264637,
    "f1-score": 0.2702829429943328,
    "auc": 0.6308078924606204
  },
  "1": {
    "loss": 0.8628775498347763,
    "accuracy": 0.8067915690866511,
    "precision": 0.7386765758176649,
    "recall": 0.8067915690866511,
    "f1-score": 0.7693156795283567,
    "auc": 0.8342030016033464
  },
  "2": {
    "loss": 0.6228413401777906,
    "accuracy": 0.8097189695550351,
    "precision": 0.8310230139539104,
    "recall": 0.8097189695550351,
    "f1-score": 0.8150612552157948,
    "auc": 0.903817676228358
  },
  "3": {
    "loss": 0.5979228495713977,
    "accuracy": 0.8255269320843092,
    "precision": 0.8394260669354698,
    "recall": 0.8255269320843092,
    "f1-score": 0.8233172180036269,
    "auc": 0.9227237664328969
  },
  "4": {
    "loss": 0.660389675049927,
    "accuracy": 0.7939110070257611,
    "precision": 0.8204029788446024,
    "recall": 0.7939110070257611,
    "f1-score": 0.7984317185917957,
    "auc": 0.9099010379750487
  },
  "5": {
    "loss": 0.5945257366541119,
    "accuracy": 0.8384074941451991,
    "precision": 0.8375380814170669,
    "recall": 0.8384074941451991,
    "f1-score": 0.8292941044457759,
    "auc": 0.9067822059814257
  },
  "6": {
    "loss": 0.656608416408789,
    "accuracy": 0.8050351288056206,
    "precision": 0.8187868218063896,
    "recall": 0.8050351288056206,
    "f1-score": 0.8063543965786549,
    "auc": 0.903356902777537
  },
  "7": {
    "loss": 0.6307220201442058,
    "accuracy": 0.8144028103044496,
    "precision": 0.8232526665769698,
    "recall": 0.8144028103044496,
    "f1-score": 0.8133364982902749,
    "auc": 0.9076819951878387
  },
  "8": {
    "loss": 0.7046086937538075,
    "accuracy": 0.7810304449648712,
    "precision": 0.8191640278276784,
    "recall": 0.7810304449648712,
    "f1-score": 0.793143380855626,
    "auc": 0.9298092005513783
  },
  "9": {
    "loss": 0.6172371623946018,
    "accuracy": 0.8173302107728337,
    "precision": 0.8405240922847103,
    "recall": 0.8173302107728337,
    "f1-score": 0.8228807166434099,
    "auc": 0.930378863417926
  },
  "10": {
    "loss": 0.6121045818652705,
    "accuracy": 0.810304449648712,
    "precision": 0.8364537819145711,
    "recall": 0.810304449648712,
    "f1-score": 0.8173617947424551,
    "auc": 0.937000852336298
  },
  "11": {
    "loss": 0.7563318885880276,
    "accuracy": 0.781615925058548,
    "precision": 0.8270586295986049,
    "recall": 0.781615925058548,
    "f1-score": 0.7970620221369374,
    "auc": 0.9237611269339204
  },
  "12": {
    "loss": 0.6546004660235635,
    "accuracy": 0.8097189695550351,
    "precision": 0.8371678011895407,
    "recall": 0.8097189695550351,
    "f1-score": 0.8164384217195717,
    "auc": 0.9264851490230995
  },
  "13": {
    "loss": 0.6836420976724781,
    "accuracy": 0.7810304449648712,
    "precision": 0.8163967677240391,
    "recall": 0.7810304449648712,
    "f1-score": 0.7926801653235732,
    "auc": 0.9200159818110104
  },
  "14": {
    "loss": 0.6052609933343928,
    "accuracy": 0.8161592505854801,
    "precision": 0.8346063459051252,
    "recall": 0.8161592505854801,
    "f1-score": 0.8193226641395446,
    "auc": 0.9292464164699307
  }
}