{
  "1": {
    "loss": 0.8214289111998475,
    "recall": 0.941747572815534,
    "precision": 0.94493689722573,
    "auc": 0.9487847233811407,
    "f1-score": 0.9293262151670487,
    "accuracy": 0.941747572815534
  },
  "2": {
    "loss": 0.47376767553172067,
    "recall": 0.941747572815534,
    "precision": 0.9376614723559324,
    "auc": 0.9682779587329566,
    "f1-score": 0.9376305805482736,
    "accuracy": 0.941747572815534
  },
  "3": {
    "loss": 0.47823071074717255,
    "recall": 0.9514563106796117,
    "precision": 0.9467651138125153,
    "auc": 0.9674108457556047,
    "f1-score": 0.947024146698107,
    "accuracy": 0.9514563106796117
  },
  "4": {
    "loss": 0.46410755509311713,
    "recall": 0.9611650485436893,
    "precision": 0.9633560473577358,
    "auc": 0.9623058006986578,
    "f1-score": 0.9553797335350734,
    "accuracy": 0.9611650485436893
  },
  "5": {
    "loss": 0.46939144666912486,
    "recall": 0.9611650485436893,
    "precision": 0.9628763009010268,
    "auc": 0.9667777582389481,
    "f1-score": 0.9553353089360034,
    "accuracy": 0.9611650485436893
  },
  "6": {
    "loss": 0.46903110418504884,
    "recall": 0.9563106796116505,
    "precision": 0.9585073688621919,
    "auc": 0.9609954327004303,
    "f1-score": 0.9505845916702866,
    "accuracy": 0.9563106796116505
  },
  "7": {
    "loss": 0.44911801699295784,
    "recall": 0.9611650485436893,
    "precision": 0.9576163985543195,
    "auc": 0.9668435248792391,
    "f1-score": 0.9558523865568329,
    "accuracy": 0.9611650485436893
  },
  "8": {
    "loss": 0.44517166869154257,
    "recall": 0.9611650485436893,
    "precision": 0.9633560473577358,
    "auc": 0.9751884537598822,
    "f1-score": 0.9553797335350734,
    "accuracy": 0.9611650485436893
  },
  "9": {
    "loss": 0.45633092117541046,
    "recall": 0.9563106796116505,
    "precision": 0.9591532111520691,
    "auc": 0.9621237192665765,
    "f1-score": 0.9508646860526986,
    "accuracy": 0.9563106796116505
  },
  "10": {
    "loss": 0.4541371988440023,
    "recall": 0.9611650485436893,
    "precision": 0.9633560473577358,
    "auc": 0.9793050234447845,
    "f1-score": 0.9553797335350734,
    "accuracy": 0.9611650485436893
  },
  "11": {
    "loss": 0.45007003511039956,
    "recall": 0.9466019417475728,
    "precision": 0.9425500476435124,
    "auc": 0.9702173068244496,
    "f1-score": 0.9424355927426956,
    "accuracy": 0.9466019417475728
  },
  "12": {
    "loss": 0.44534194411583317,
    "recall": 0.9660194174757282,
    "precision": 0.9675284930350359,
    "auc": 0.973530708352137,
    "f1-score": 0.960136674350703,
    "accuracy": 0.9660194174757282
  },
  "13": {
    "loss": 0.4604969273493128,
    "recall": 0.9514563106796117,
    "precision": 0.9473319633079087,
    "auc": 0.9620225977368835,
    "f1-score": 0.9472534626602077,
    "accuracy": 0.9514563106796117
  },
  "14": {
    "loss": 0.44078087285884376,
    "recall": 0.9660194174757282,
    "precision": 0.9678298929237913,
    "auc": 0.9864737418308847,
    "f1-score": 0.960219107467207,
    "accuracy": 0.9660194174757282
  }
}