loss,accuracy,precision,recall,f1-score,auc
0.7184579047860808,0.8161592505854801,0.8346063459051252,0.8161592505854801,0.8193226641395446,0.9292464164699307
