{
  "0": {
    "loss": 1.4738129176356474,
    "accuracy": 0.06791569086651054,
    "precision": 0.42671854049538627,
    "recall": 0.06791569086651054,
    "f1-score": 0.04319312791499021,
    "auc": 0.5001095602385967
  },
  "1": {
    "loss": 0.8630929442702747,
    "accuracy": 0.7757611241217799,
    "precision": 0.7235701792631631,
    "recall": 0.7757611241217799,
    "f1-score": 0.7452197099807293,
    "auc": 0.7838516897749189
  },
  "2": {
    "loss": 0.6921757906326366,
    "accuracy": 0.8032786885245902,
    "precision": 0.7896251943468696,
    "recall": 0.8032786885245902,
    "f1-score": 0.7792605200822611,
    "auc": 0.8706079941280085
  },
  "3": {
    "loss": 0.632916623381876,
    "accuracy": 0.8190866510538641,
    "precision": 0.831159174085572,
    "recall": 0.8190866510538641,
    "f1-score": 0.8144191601540686,
    "auc": 0.8999796404715259
  },
  "4": {
    "loss": 0.6603349318828181,
    "accuracy": 0.8185011709601874,
    "precision": 0.8142665275739829,
    "recall": 0.8185011709601874,
    "f1-score": 0.8067309054575262,
    "auc": 0.8691352391910413
  },
  "5": {
    "loss": 0.6352550000720057,
    "accuracy": 0.8167447306791569,
    "precision": 0.8279779051167818,
    "recall": 0.8167447306791569,
    "f1-score": 0.814122401044636,
    "auc": 0.9099908148436517
  },
  "6": {
    "loss": 0.6378529217678713,
    "accuracy": 0.8038641686182669,
    "precision": 0.827183943370852,
    "recall": 0.8038641686182669,
    "f1-score": 0.8089667018931056,
    "auc": 0.9066947114698746
  },
  "7": {
    "loss": 0.6073840789549244,
    "accuracy": 0.8190866510538641,
    "precision": 0.8268999233703488,
    "recall": 0.8190866510538641,
    "f1-score": 0.818473598804536,
    "auc": 0.9113200788429243
  },
  "8": {
    "loss": 0.5979268726755361,
    "accuracy": 0.835480093676815,
    "precision": 0.8556983446423814,
    "recall": 0.835480093676815,
    "f1-score": 0.8316645607503171,
    "auc": 0.9114556137931894
  },
  "9": {
    "loss": 0.6193366029083869,
    "accuracy": 0.8337236533957846,
    "precision": 0.8544019152161744,
    "recall": 0.8337236533957846,
    "f1-score": 0.835274211666918,
    "auc": 0.9188831547432987
  },
  "10": {
    "loss": 0.6427681457242586,
    "accuracy": 0.8149882903981265,
    "precision": 0.8407144703450896,
    "recall": 0.8149882903981265,
    "f1-score": 0.8184035648568471,
    "auc": 0.920060344402096
  },
  "11": {
    "loss": 0.6009063177700623,
    "accuracy": 0.8261124121779859,
    "precision": 0.8585990955326618,
    "recall": 0.8261124121779859,
    "f1-score": 0.8313681577128027,
    "auc": 0.9316369102403548
  },
  "12": {
    "loss": 0.6436505605242012,
    "accuracy": 0.8050351288056206,
    "precision": 0.8527158603739337,
    "recall": 0.8050351288056206,
    "f1-score": 0.8197499717973135,
    "auc": 0.927428249136828
  },
  "13": {
    "loss": 0.6080228210333081,
    "accuracy": 0.8220140515222483,
    "precision": 0.8574958453970896,
    "recall": 0.8220140515222483,
    "f1-score": 0.8341248298650654,
    "auc": 0.9392460838442167
  },
  "14": {
    "loss": 0.5836256707580084,
    "accuracy": 0.8302107728337237,
    "precision": 0.8539379722187171,
    "recall": 0.8302107728337237,
    "f1-score": 0.8367331538450823,
    "auc": 0.9328545949390077
  },
  "15": {
    "loss": 0.586594474818165,
    "accuracy": 0.8401639344262295,
    "precision": 0.852259420055662,
    "recall": 0.8401639344262295,
    "f1-score": 0.8369545718879403,
    "auc": 0.9292944185267589
  },
  "16": {
    "loss": 0.6136817601302189,
    "accuracy": 0.8284543325526932,
    "precision": 0.8428936871302024,
    "recall": 0.8284543325526932,
    "f1-score": 0.8237506095762449,
    "auc": 0.9261836377180989
  },
  "17": {
    "loss": 0.6226977521697588,
    "accuracy": 0.8284543325526932,
    "precision": 0.8310461979662406,
    "recall": 0.8284543325526932,
    "f1-score": 0.82292901931635,
    "auc": 0.9220131186810068
  },
  "18": {
    "loss": 0.669139532699518,
    "accuracy": 0.8091334894613583,
    "precision": 0.8291630714428234,
    "recall": 0.8091334894613583,
    "f1-score": 0.8119071270395134,
    "auc": 0.9184609105451585
  },
  "19": {
    "loss": 0.6032525663911877,
    "accuracy": 0.8319672131147541,
    "precision": 0.8438156854516579,
    "recall": 0.8319672131147541,
    "f1-score": 0.8296720799155827,
    "auc": 0.9311246624273655
  },
  "20": {
    "loss": 0.5796898264237255,
    "accuracy": 0.8460187353629977,
    "precision": 0.8529987754891087,
    "recall": 0.8460187353629977,
    "f1-score": 0.8414641368506913,
    "auc": 0.9323108554211985
  },
  "21": {
    "loss": 0.5935536660690218,
    "accuracy": 0.8384074941451991,
    "precision": 0.8480565205792665,
    "recall": 0.8384074941451991,
    "f1-score": 0.8373361640788144,
    "auc": 0.9319583066728977
  },
  "22": {
    "loss": 0.6247649950780132,
    "accuracy": 0.8214285714285714,
    "precision": 0.8534709146571672,
    "recall": 0.8214285714285714,
    "f1-score": 0.8273641435682874,
    "auc": 0.9305581923948402
  }
}