{
  "0": {
    "loss": 1.339564737168073,
    "accuracy": 0.3471896955503513,
    "precision": 0.41969813796265953,
    "recall": 0.3471896955503513,
    "f1-score": 0.36211188527024335,
    "auc": 0.5191610268518536
  },
  "1": {
    "loss": 0.8047464121420992,
    "accuracy": 0.7769320843091335,
    "precision": 0.736952783340238,
    "recall": 0.7769320843091335,
    "f1-score": 0.7511637571821437,
    "auc": 0.8738112670993337
  },
  "2": {
    "loss": 0.6584224981502291,
    "accuracy": 0.810304449648712,
    "precision": 0.8430255463246605,
    "recall": 0.810304449648712,
    "f1-score": 0.8008941969240883,
    "auc": 0.8992029957095848
  },
  "3": {
    "loss": 0.5938958451675308,
    "accuracy": 0.8249414519906323,
    "precision": 0.8526754958761482,
    "recall": 0.8249414519906323,
    "f1-score": 0.8340619150406581,
    "auc": 0.9257994335690833
  },
  "4": {
    "loss": 0.5918222753728022,
    "accuracy": 0.8343091334894613,
    "precision": 0.8657687593214548,
    "recall": 0.8343091334894613,
    "f1-score": 0.8414301324994257,
    "auc": 0.9392204932975919
  },
  "5": {
    "loss": 0.5658920334010827,
    "accuracy": 0.8384074941451991,
    "precision": 0.844804434594059,
    "recall": 0.8384074941451991,
    "f1-score": 0.8367288812022118,
    "auc": 0.9267661203070898
  },
  "6": {
    "loss": 0.5974253210865084,
    "accuracy": 0.8272833723653396,
    "precision": 0.8457824732785909,
    "recall": 0.8272833723653396,
    "f1-score": 0.8220576457595343,
    "auc": 0.926107941499034
  },
  "7": {
    "loss": 0.6490526304730766,
    "accuracy": 0.8202576112412178,
    "precision": 0.844331255635377,
    "recall": 0.8202576112412178,
    "f1-score": 0.8189253700303493,
    "auc": 0.9399972839897518
  },
  "8": {
    "loss": 0.6623972234178762,
    "accuracy": 0.819672131147541,
    "precision": 0.8461566938703393,
    "recall": 0.819672131147541,
    "f1-score": 0.821189739771547,
    "auc": 0.9364545946788058
  },
  "9": {
    "loss": 0.5797099828440914,
    "accuracy": 0.8372365339578455,
    "precision": 0.8629717716929289,
    "recall": 0.8372365339578455,
    "f1-score": 0.8359695432757344,
    "auc": 0.9339488635574269
  },
  "10": {
    "loss": 0.6153362097449827,
    "accuracy": 0.8231850117096019,
    "precision": 0.8529446547064007,
    "recall": 0.8231850117096019,
    "f1-score": 0.8257635870262693,
    "auc": 0.9342097010681905
  },
  "11": {
    "loss": 0.6082768443038369,
    "accuracy": 0.8231850117096019,
    "precision": 0.8581736858738055,
    "recall": 0.8231850117096019,
    "f1-score": 0.8279694608748335,
    "auc": 0.935635227570056
  },
  "12": {
    "loss": 0.6087141409690822,
    "accuracy": 0.8243559718969555,
    "precision": 0.8480738106363082,
    "recall": 0.8243559718969555,
    "f1-score": 0.826092790253544,
    "auc": 0.9354938209299903
  },
  "13": {
    "loss": 0.6004038256281153,
    "accuracy": 0.8266978922716628,
    "precision": 0.8555377740143029,
    "recall": 0.8266978922716628,
    "f1-score": 0.8308598783500957,
    "auc": 0.935037078866588
  },
  "14": {
    "loss": 0.5833657788029878,
    "accuracy": 0.8372365339578455,
    "precision": 0.8793902922832718,
    "recall": 0.8372365339578455,
    "f1-score": 0.841608569619033,
    "auc": 0.9350428762466874
  },
  "15": {
    "loss": 0.5985260565331166,
    "accuracy": 0.8401639344262295,
    "precision": 0.878386059570275,
    "recall": 0.8401639344262295,
    "f1-score": 0.8403359423051331,
    "auc": 0.929985245805414
  },
  "16": {
    "loss": 0.6399313405470212,
    "accuracy": 0.8337236533957846,
    "precision": 0.8806069502892192,
    "recall": 0.8337236533957846,
    "f1-score": 0.8330876089290168,
    "auc": 0.9342247366672795
  },
  "17": {
    "loss": 0.6499811885507659,
    "accuracy": 0.822599531615925,
    "precision": 0.8613324545404298,
    "recall": 0.822599531615925,
    "f1-score": 0.8299043905132107,
    "auc": 0.9365297246389551
  },
  "18": {
    "loss": 0.6137447013787978,
    "accuracy": 0.8302107728337237,
    "precision": 0.8656663263845162,
    "recall": 0.8302107728337237,
    "f1-score": 0.8376991264761453,
    "auc": 0.9385277399659098
  },
  "19": {
    "loss": 0.5795470943774775,
    "accuracy": 0.832552693208431,
    "precision": 0.863153906175675,
    "recall": 0.832552693208431,
    "f1-score": 0.8396262759821383,
    "auc": 0.9422471430774109
  },
  "20": {
    "loss": 0.6264007822272369,
    "accuracy": 0.813231850117096,
    "precision": 0.8572685112268665,
    "recall": 0.813231850117096,
    "f1-score": 0.8263299462025248,
    "auc": 0.938809134506115
  },
  "21": {
    "loss": 0.6494271496978241,
    "accuracy": 0.8149882903981265,
    "precision": 0.8567987987179304,
    "recall": 0.8149882903981265,
    "f1-score": 0.8253966825684772,
    "auc": 0.930928702695518
  },
  "22": {
    "loss": 0.6274507591540138,
    "accuracy": 0.819672131147541,
    "precision": 0.8582225233357852,
    "recall": 0.819672131147541,
    "f1-score": 0.8310410830828427,
    "auc": 0.9364208410379954
  }
}