{
  "1": {
    "loss": 0.7101160299430773,
    "accuracy": 0.9174757281553398,
    "f1-score": 0.909560544588233,
    "precision": 0.9255550274967751,
    "recall": 0.9174757281553398,
    "auc": 0.975912418827611
  },
  "2": {
    "loss": 0.4630062562748066,
    "accuracy": 0.9660194174757282,
    "f1-score": 0.960136674350703,
    "precision": 0.9675284930350359,
    "recall": 0.9660194174757282,
    "auc": 0.9680058416098883
  },
  "3": {
    "loss": 0.4535244309786454,
    "accuracy": 0.9611650485436893,
    "f1-score": 0.9555717618476038,
    "precision": 0.9640367604898821,
    "recall": 0.9611650485436893,
    "auc": 0.9595982214817906
  },
  "4": {
    "loss": 0.45317301125202364,
    "accuracy": 0.9660194174757282,
    "f1-score": 0.960219107467207,
    "precision": 0.9678298929237913,
    "recall": 0.9660194174757282,
    "auc": 0.975438737825403
  },
  "5": {
    "loss": 0.4403949426215829,
    "accuracy": 0.970873786407767,
    "f1-score": 0.9649560795191864,
    "precision": 0.9721401435204726,
    "recall": 0.970873786407767,
    "auc": 0.9630488559059989
  },
  "6": {
    "loss": 0.4615565700438416,
    "accuracy": 0.970873786407767,
    "f1-score": 0.9649560795191864,
    "precision": 0.9721401435204726,
    "recall": 0.970873786407767,
    "auc": 0.9621799211084926
  },
  "7": {
    "loss": 0.44171779769138225,
    "accuracy": 0.9660194174757282,
    "f1-score": 0.9601561261611067,
    "precision": 0.9673251364183971,
    "recall": 0.9660194174757282,
    "auc": 0.9820056953985524
  },
  "8": {
    "loss": 0.44410127690694867,
    "accuracy": 0.9660194174757282,
    "f1-score": 0.960136674350703,
    "precision": 0.9675284930350359,
    "recall": 0.9660194174757282,
    "auc": 0.9679176277390562
  },
  "9": {
    "loss": 0.4478261531556694,
    "accuracy": 0.9660194174757282,
    "f1-score": 0.960136674350703,
    "precision": 0.9675284930350359,
    "recall": 0.9660194174757282,
    "auc": 0.9747839676411106
  },
  "10": {
    "loss": 0.4469676448882205,
    "accuracy": 0.9660194174757282,
    "f1-score": 0.960136674350703,
    "precision": 0.9675284930350359,
    "recall": 0.9660194174757282,
    "auc": 0.9643206053920339
  },
  "11": {
    "loss": 0.44679446735428374,
    "accuracy": 0.9660194174757282,
    "f1-score": 0.960136674350703,
    "precision": 0.9675284930350359,
    "recall": 0.9660194174757282,
    "auc": 0.9708277967206538
  },
  "12": {
    "loss": 0.44434462241756106,
    "accuracy": 0.9660194174757282,
    "f1-score": 0.960136674350703,
    "precision": 0.9675284930350359,
    "recall": 0.9660194174757282,
    "auc": 0.9713363293720436
  },
  "13": {
    "loss": 0.446142126634283,
    "accuracy": 0.9660194174757282,
    "f1-score": 0.960136674350703,
    "precision": 0.9675284930350359,
    "recall": 0.9660194174757282,
    "auc": 0.9561246427317855
  },
  "14": {
    "loss": 0.44195321983504066,
    "accuracy": 0.9660194174757282,
    "f1-score": 0.960136674350703,
    "precision": 0.9675284930350359,
    "recall": 0.9660194174757282,
    "auc": 0.963598547527119
  },
  "15": {
    "loss": 0.43835934041773233,
    "accuracy": 0.9660194174757282,
    "f1-score": 0.960136674350703,
    "precision": 0.9675284930350359,
    "recall": 0.9660194174757282,
    "auc": 0.9629888933460361
  },
  "16": {
    "loss": 0.4557270181989207,
    "accuracy": 0.9660194174757282,
    "f1-score": 0.960136674350703,
    "precision": 0.9675284930350359,
    "recall": 0.9660194174757282,
    "auc": 0.9616126794698224
  },
  "17": {
    "loss": 0.4560542019825537,
    "accuracy": 0.9611650485436893,
    "f1-score": 0.9554549684409681,
    "precision": 0.9631526907410971,
    "recall": 0.9611650485436893,
    "auc": 0.9496942327299469
  },
  "18": {
    "loss": 0.44503064554871863,
    "accuracy": 0.9660194174757282,
    "f1-score": 0.960136674350703,
    "precision": 0.9675284930350359,
    "recall": 0.9660194174757282,
    "auc": 0.9648593282521855
  },
  "19": {
    "loss": 0.4362821989846461,
    "accuracy": 0.9660194174757282,
    "f1-score": 0.960136674350703,
    "precision": 0.9675284930350359,
    "recall": 0.9660194174757282,
    "auc": 0.9591103394674824
  },
  "20": {
    "loss": 0.4236310240134452,
    "accuracy": 0.9660194174757282,
    "f1-score": 0.960136674350703,
    "precision": 0.9675284930350359,
    "recall": 0.9660194174757282,
    "auc": 0.9752681600895888
  },
  "21": {
    "loss": 0.4419271639249857,
    "accuracy": 0.9660194174757282,
    "f1-score": 0.960136674350703,
    "precision": 0.9675284930350359,
    "recall": 0.9660194174757282,
    "auc": 0.9703456935599792
  },
  "22": {
    "loss": 0.43972275268684313,
    "accuracy": 0.9660194174757282,
    "f1-score": 0.960136674350703,
    "precision": 0.9675284930350359,
    "recall": 0.9660194174757282,
    "auc": 0.9619214762071905
  }
}