loss,accuracy,precision,recall,f1-score,auc
0.7317747545605242,0.813231850117096,0.8572685112268665,0.813231850117096,0.8263299462025248,0.938809134506115
