{
  "0": {
    "loss": 1.6447800777555908,
    "accuracy": 0.17798594847775176,
    "precision": 0.6471990951642994,
    "recall": 0.17798594847775176,
    "f1-score": 0.13295411724451112,
    "auc": 0.5887272095038729
  },
  "1": {
    "loss": 0.848272618141889,
    "accuracy": 0.7177985948477752,
    "precision": 0.6620940137050711,
    "recall": 0.7177985948477752,
    "f1-score": 0.672448326978595,
    "auc": 0.8271328506628115
  },
  "2": {
    "loss": 0.8479419649345254,
    "accuracy": 0.7019906323185011,
    "precision": 0.6846286344165694,
    "recall": 0.7019906323185011,
    "f1-score": 0.6814800160222931,
    "auc": 0.7824697839990971
  },
  "3": {
    "loss": 0.8876886874507127,
    "accuracy": 0.7037470725995316,
    "precision": 0.6883627609532673,
    "recall": 0.7037470725995316,
    "f1-score": 0.6870668646871592,
    "auc": 0.7652600537177238
  },
  "4": {
    "loss": 0.8724377294893287,
    "accuracy": 0.7218969555035128,
    "precision": 0.692808819672907,
    "recall": 0.7218969555035128,
    "f1-score": 0.7042403982977431,
    "auc": 0.759777845596971
  },
  "5": {
    "loss": 0.9048324276189335,
    "accuracy": 0.7107728337236534,
    "precision": 0.6944489784059809,
    "recall": 0.7107728337236534,
    "f1-score": 0.696894853060587,
    "auc": 0.7516332020441399
  },
  "6": {
    "loss": 0.949968082285039,
    "accuracy": 0.6990632318501171,
    "precision": 0.6955596348328148,
    "recall": 0.6990632318501171,
    "f1-score": 0.6896710760398175,
    "auc": 0.7458028636211748
  },
  "7": {
    "loss": 0.9629983491584903,
    "accuracy": 0.689695550351288,
    "precision": 0.6990664639463923,
    "recall": 0.689695550351288,
    "f1-score": 0.6876259832662578,
    "auc": 0.7422809313164154
  },
  "8": {
    "loss": 0.9613950819265648,
    "accuracy": 0.7037470725995316,
    "precision": 0.6970877814265024,
    "recall": 0.7037470725995316,
    "f1-score": 0.6956711261999913,
    "auc": 0.7381007542448277
  },
  "9": {
    "loss": 0.9795738631724195,
    "accuracy": 0.6949648711943794,
    "precision": 0.6937720324956763,
    "recall": 0.6949648711943794,
    "f1-score": 0.6901388894193158,
    "auc": 0.7413440127048068
  },
  "10": {
    "loss": 1.0143233766600455,
    "accuracy": 0.7031615925058547,
    "precision": 0.7054672136199094,
    "recall": 0.7031615925058547,
    "f1-score": 0.6945906161706575,
    "auc": 0.7306686331463799
  },
  "11": {
    "loss": 1.0155001610726886,
    "accuracy": 0.6984777517564403,
    "precision": 0.7030516762289865,
    "recall": 0.6984777517564403,
    "f1-score": 0.6915883988766589,
    "auc": 0.7306262921167289
  },
  "12": {
    "loss": 1.0339139540804074,
    "accuracy": 0.6926229508196722,
    "precision": 0.7044743962367459,
    "recall": 0.6926229508196722,
    "f1-score": 0.6893644559728355,
    "auc": 0.7323475731807241
  },
  "13": {
    "loss": 1.0400160210473197,
    "accuracy": 0.6920374707259953,
    "precision": 0.7019227618186253,
    "recall": 0.6920374707259953,
    "f1-score": 0.6878777147430696,
    "auc": 0.7253179065481475
  },
  "14": {
    "loss": 1.0495818705413604,
    "accuracy": 0.6932084309133489,
    "precision": 0.6988992747308608,
    "recall": 0.6932084309133489,
    "f1-score": 0.6893347901610067,
    "auc": 0.7307389763612807
  },
  "15": {
    "loss": 1.0754195885859272,
    "accuracy": 0.689695550351288,
    "precision": 0.6998876459939203,
    "recall": 0.689695550351288,
    "f1-score": 0.6866846906526327,
    "auc": 0.7226465946394107
  },
  "16": {
    "loss": 1.0883035391778522,
    "accuracy": 0.6750585480093677,
    "precision": 0.6976153398379378,
    "recall": 0.6750585480093677,
    "f1-score": 0.6781757187353611,
    "auc": 0.7226334502594534
  },
  "17": {
    "loss": 1.0752865011853971,
    "accuracy": 0.6873536299765808,
    "precision": 0.6995998921426065,
    "recall": 0.6873536299765808,
    "f1-score": 0.6865812003541437,
    "auc": 0.719638518809288
  },
  "18": {
    "loss": 1.1166158846167267,
    "accuracy": 0.6615925058548009,
    "precision": 0.7015599910513406,
    "recall": 0.6615925058548009,
    "f1-score": 0.668685744360159,
    "auc": 0.7229517274491644
  },
  "19": {
    "loss": 1.135895695703091,
    "accuracy": 0.6451990632318502,
    "precision": 0.6956644505538994,
    "recall": 0.6451990632318502,
    "f1-score": 0.6592480575348283,
    "auc": 0.7227877459026709
  },
  "20": {
    "loss": 1.0655599211362263,
    "accuracy": 0.6902810304449649,
    "precision": 0.697592019364227,
    "recall": 0.6902810304449649,
    "f1-score": 0.6868130558428628,
    "auc": 0.7207891762520727
  },
  "21": {
    "loss": 1.120845056250168,
    "accuracy": 0.6586651053864169,
    "precision": 0.6998079196843457,
    "recall": 0.6586651053864169,
    "f1-score": 0.6711066979985322,
    "auc": 0.7202138912552364
  },
  "22": {
    "loss": 1.1370856387832964,
    "accuracy": 0.6574941451990632,
    "precision": 0.6928334332594066,
    "recall": 0.6574941451990632,
    "f1-score": 0.6686161922980938,
    "auc": 0.7233757961849812
  }
}