{
  "1": {
    "loss": 0.987015444098167,
    "auc": 0.8428087445150162,
    "f1-score": 0.7186434366272111,
    "recall": 0.7621359223300971,
    "precision": 0.7104715672676838,
    "accuracy": 0.7621359223300971
  },
  "2": {
    "loss": 0.8942654115482441,
    "auc": 0.8637066370945908,
    "f1-score": 0.7896433135929756,
    "recall": 0.7961165048543689,
    "precision": 0.8366660237038942,
    "accuracy": 0.7961165048543689
  },
  "3": {
    "loss": 0.8620241776253413,
    "auc": 0.8677361601190514,
    "f1-score": 0.8052651232262882,
    "recall": 0.8058252427184466,
    "precision": 0.8525584447914545,
    "accuracy": 0.8058252427184466
  },
  "4": {
    "loss": 0.8094220416059772,
    "auc": 0.8784828937656658,
    "f1-score": 0.8483460715875396,
    "recall": 0.8543689320388349,
    "precision": 0.8644215844416715,
    "accuracy": 0.8543689320388349
  },
  "5": {
    "loss": 0.8165067862538458,
    "auc": 0.8758760505675346,
    "f1-score": 0.821260445925943,
    "recall": 0.8203883495145631,
    "precision": 0.8444521497919556,
    "accuracy": 0.8203883495145631
  },
  "6": {
    "loss": 0.8157765113034294,
    "auc": 0.8771251115804555,
    "f1-score": 0.8068770226537216,
    "recall": 0.7961165048543689,
    "precision": 0.8446601941747572,
    "accuracy": 0.7961165048543689
  },
  "7": {
    "loss": 0.8010769046626045,
    "auc": 0.8799234380010971,
    "f1-score": 0.8080956918025289,
    "recall": 0.7961165048543689,
    "precision": 0.8493465272591487,
    "accuracy": 0.7961165048543689
  },
  "8": {
    "loss": 0.7899665190178213,
    "auc": 0.8828640510380025,
    "f1-score": 0.8200788238672619,
    "recall": 0.8106796116504854,
    "precision": 0.8528705637657966,
    "accuracy": 0.8106796116504854
  },
  "9": {
    "loss": 0.7887373688151536,
    "auc": 0.8819464529852631,
    "f1-score": 0.8131116874421195,
    "recall": 0.8009708737864077,
    "precision": 0.8501708400634513,
    "accuracy": 0.8009708737864077
  },
  "10": {
    "loss": 0.8124253240603845,
    "auc": 0.876527268915689,
    "f1-score": 0.811528569300938,
    "recall": 0.8009708737864077,
    "precision": 0.8506257755683384,
    "accuracy": 0.8009708737864077
  },
  "11": {
    "loss": 0.8068785922041217,
    "auc": 0.8766020250104103,
    "f1-score": 0.8193025038323966,
    "recall": 0.8106796116504854,
    "precision": 0.8530950305143855,
    "accuracy": 0.8106796116504854
  },
  "12": {
    "loss": 0.8032943837850997,
    "auc": 0.8787784794910587,
    "f1-score": 0.7985831249585519,
    "recall": 0.7815533980582524,
    "precision": 0.8454514807620073,
    "accuracy": 0.7815533980582524
  },
  "13": {
    "loss": 0.8054392042669277,
    "auc": 0.8758069096857246,
    "f1-score": 0.8257850856637506,
    "recall": 0.8203883495145631,
    "precision": 0.852482083798597,
    "accuracy": 0.8203883495145631
  },
  "14": {
    "loss": 0.8065013752400296,
    "auc": 0.8766846538213093,
    "f1-score": 0.8005447243950055,
    "recall": 0.7864077669902912,
    "precision": 0.8428637959942864,
    "accuracy": 0.7864077669902912
  },
  "15": {
    "loss": 0.8104538367789926,
    "auc": 0.8758400521443039,
    "f1-score": 0.7970796090565812,
    "recall": 0.7815533980582524,
    "precision": 0.8416015019732305,
    "accuracy": 0.7815533980582524
  },
  "16": {
    "loss": 0.805539427451717,
    "auc": 0.8812169216065385,
    "f1-score": 0.7894288903941196,
    "recall": 0.7718446601941747,
    "precision": 0.839448577312655,
    "accuracy": 0.7718446601941747
  },
  "17": {
    "loss": 0.7944765507596211,
    "auc": 0.8801979966295007,
    "f1-score": 0.8152059972586755,
    "recall": 0.8058252427184466,
    "precision": 0.847979138582368,
    "accuracy": 0.8058252427184466
  },
  "18": {
    "loss": 0.8288113579009343,
    "auc": 0.8804874306598967,
    "f1-score": 0.7646166476299258,
    "recall": 0.7427184466019418,
    "precision": 0.8294110628905492,
    "accuracy": 0.7427184466019418
  },
  "19": {
    "loss": 0.8331710933481605,
    "auc": 0.8787107895988635,
    "f1-score": 0.7634193780614077,
    "recall": 0.7330097087378641,
    "precision": 0.8458637359544915,
    "accuracy": 0.7330097087378641
  },
  "20": {
    "loss": 0.7956300615106972,
    "auc": 0.8753735167135595,
    "f1-score": 0.8442161654828905,
    "recall": 0.8446601941747572,
    "precision": 0.8581804186427632,
    "accuracy": 0.8446601941747572
  },
  "21": {
    "loss": 0.8070305609008641,
    "auc": 0.8773532117489437,
    "f1-score": 0.7730121286334879,
    "recall": 0.7475728155339806,
    "precision": 0.8440730105481069,
    "accuracy": 0.7475728155339806
  },
  "22": {
    "loss": 0.813559303584608,
    "auc": 0.8789732889156238,
    "f1-score": 0.7661958392274923,
    "recall": 0.7378640776699029,
    "precision": 0.8343671341244157,
    "accuracy": 0.7378640776699029
  }
}