round,accuracy,auc,f1-score,loss,precision,recall
0,0.12353629976580796,0.46492431264305545,0.11076546678580003,1.4131510458729586,0.3150314135987698,0.12353629976580796
1,0.7570257611241218,0.7153323909730035,0.694399476537484,0.8415362656256075,0.6905337140320958,0.7570257611241218
