{
  "0": {
    "loss": 1.4131510458729586,
    "accuracy": 0.12353629976580796,
    "precision": 0.3150314135987698,
    "recall": 0.12353629976580796,
    "f1-score": 0.11076546678580003,
    "auc": 0.46492431264305545
  },
  "1": {
    "loss": 0.8415362656256075,
    "accuracy": 0.7570257611241218,
    "precision": 0.6905337140320958,
    "recall": 0.7570257611241218,
    "f1-score": 0.694399476537484,
    "auc": 0.7153323909730035
  }
}