{
  "1": {
    "loss": 1.1302607418264,
    "accuracy": 0.7524271844660194,
    "auc": 0.8039228795765677,
    "precision": 0.6831857462925425,
    "recall": 0.7524271844660194,
    "f1-score": 0.6865148941278324
  }
}