round,accuracy,auc,f1-score,loss,precision,recall
1,0.7524271844660194,0.8039228795765677,0.6865148941278324,1.1302607418264,0.6831857462925425,0.7524271844660194
