loss,accuracy,precision,recall,f1-score,auc
0.9503256169080175,0.7570257611241218,0.6905337140320958,0.7570257611241218,0.694399476537484,0.7153323909730035
