{
  "0": {
    "loss": 1.8539832280447108,
    "accuracy": 0.16393442622950818,
    "precision": 0.05242214060480866,
    "recall": 0.16393442622950818,
    "f1-score": 0.0784705565266665,
    "auc": 0.4564447587911321
  },
  "1": {
    "loss": NaN,
    "accuracy": 0.20140515222482436,
    "precision": 0.04056403534270467,
    "recall": 0.20140515222482436,
    "f1-score": 0.06752765337752395,
    "auc": NaN
  }
}