{
  "1": {
    "loss": NaN,
    "recall": 0.21844660194174756,
    "accuracy": 0.21844660194174756,
    "f1-score": 0.07832746683170233,
    "auc": NaN,
    "precision": 0.04771891789989631
  }
}