loss,accuracy,precision,recall,f1-score,auc
,0.20140515222482436,0.04056403534270467,0.20140515222482436,0.06752765337752395,
