{
  "0": {
    "loss": 1.620619823837727,
    "accuracy": 0.12060889929742388,
    "precision": 0.03048144009441786,
    "recall": 0.12060889929742388,
    "f1-score": 0.048651892350939155,
    "auc": 0.43807039951010285
  },
  "1": {
    "loss": 0.858215616653898,
    "accuracy": 0.7628805620608899,
    "precision": 0.7426786523059727,
    "recall": 0.7628805620608899,
    "f1-score": 0.7428506793977001,
    "auc": 0.8259132155066518
  },
  "2": {
    "loss": 0.7278160450050926,
    "accuracy": 0.7745901639344263,
    "precision": 0.846833685552309,
    "recall": 0.7745901639344263,
    "f1-score": 0.7513690194664128,
    "auc": 0.8785844446207092
  },
  "3": {
    "loss": 0.6635081082652269,
    "accuracy": 0.8126463700234192,
    "precision": 0.8586613622143879,
    "recall": 0.8126463700234192,
    "f1-score": 0.7977110657421258,
    "auc": 0.8904836608398947
  },
  "4": {
    "loss": 0.5714632214092817,
    "accuracy": 0.857728337236534,
    "precision": 0.8744271030185466,
    "recall": 0.857728337236534,
    "f1-score": 0.8419634120153113,
    "auc": 0.9096583006284557
  },
  "5": {
    "loss": 0.5467735508007523,
    "accuracy": 0.8624121779859485,
    "precision": 0.8559096463428373,
    "recall": 0.8624121779859485,
    "f1-score": 0.8537997299035909,
    "auc": 0.9237969760008162
  },
  "6": {
    "loss": 0.5783000030059725,
    "accuracy": 0.8466042154566745,
    "precision": 0.8460824292729222,
    "recall": 0.8466042154566745,
    "f1-score": 0.8410482153307393,
    "auc": 0.9224850985597112
  },
  "7": {
    "loss": 0.5694806023001392,
    "accuracy": 0.8694379391100703,
    "precision": 0.8623740523830886,
    "recall": 0.8694379391100703,
    "f1-score": 0.8538613750673926,
    "auc": 0.9132773534297862
  },
  "8": {
    "loss": 0.6257751121314404,
    "accuracy": 0.8384074941451991,
    "precision": 0.8457840166526126,
    "recall": 0.8384074941451991,
    "f1-score": 0.8279465921382353,
    "auc": 0.9113250397520318
  },
  "9": {
    "loss": 0.6049112563808852,
    "accuracy": 0.8395784543325527,
    "precision": 0.8466059631976526,
    "recall": 0.8395784543325527,
    "f1-score": 0.8291148824460098,
    "auc": 0.9141488451183082
  },
  "10": {
    "loss": 0.611278914874834,
    "accuracy": 0.8407494145199064,
    "precision": 0.8308683462949161,
    "recall": 0.8407494145199064,
    "f1-score": 0.8210078348073205,
    "auc": 0.9086601628020362
  },
  "11": {
    "loss": 0.5670273158812691,
    "accuracy": 0.860655737704918,
    "precision": 0.869380580199381,
    "recall": 0.860655737704918,
    "f1-score": 0.8456503336705047,
    "auc": 0.9245986057579698
  },
  "12": {
    "loss": 0.5419513458250836,
    "accuracy": 0.860655737704918,
    "precision": 0.862207107641298,
    "recall": 0.860655737704918,
    "f1-score": 0.8480204350791267,
    "auc": 0.928563856320236
  },
  "13": {
    "loss": 0.6013859022557038,
    "accuracy": 0.84192037470726,
    "precision": 0.8608394059086062,
    "recall": 0.84192037470726,
    "f1-score": 0.8240853366164426,
    "auc": 0.9164960024051622
  },
  "14": {
    "loss": 0.5355641894234427,
    "accuracy": 0.867096018735363,
    "precision": 0.878081919007422,
    "recall": 0.867096018735363,
    "f1-score": 0.8604499239464626,
    "auc": 0.9381279465039976
  },
  "15": {
    "loss": 0.5468264192831321,
    "accuracy": 0.8565573770491803,
    "precision": 0.8673148854269277,
    "recall": 0.8565573770491803,
    "f1-score": 0.8489131586518515,
    "auc": 0.93518106845135
  },
  "16": {
    "loss": 0.5175572924787043,
    "accuracy": 0.8741217798594848,
    "precision": 0.88056492273567,
    "recall": 0.8741217798594848,
    "f1-score": 0.8676793432357545,
    "auc": 0.9420342961141449
  },
  "17": {
    "loss": 0.5895498870965747,
    "accuracy": 0.844847775175644,
    "precision": 0.8544978851637725,
    "recall": 0.844847775175644,
    "f1-score": 0.8392540548400123,
    "auc": 0.9253485064882009
  }
}