{
  "1": {
    "loss": 0.7842644603507033,
    "f1-score": 0.885248781378752,
    "auc": 0.9313130884436867,
    "accuracy": 0.9077669902912622,
    "precision": 0.8678380965404074,
    "recall": 0.9077669902912622
  },
  "2": {
    "loss": 0.5139531695727005,
    "f1-score": 0.9430282644615224,
    "auc": 0.956229035969748,
    "accuracy": 0.9514563106796117,
    "precision": 0.9551534412364194,
    "recall": 0.9514563106796117
  },
  "3": {
    "loss": 0.4765590539256346,
    "f1-score": 0.9506746812649628,
    "auc": 0.9594438942653228,
    "accuracy": 0.9563106796116505,
    "precision": 0.9595629149238266,
    "recall": 0.9563106796116505
  },
  "4": {
    "loss": 0.4581282474462268,
    "f1-score": 0.9601896778680422,
    "auc": 0.9686590115161544,
    "accuracy": 0.9660194174757282,
    "precision": 0.9677306698330657,
    "recall": 0.9660194174757282
  },
  "5": {
    "loss": 0.4510169335939352,
    "f1-score": 0.9649560795191864,
    "auc": 0.9638149977435694,
    "accuracy": 0.970873786407767,
    "precision": 0.9721401435204726,
    "recall": 0.970873786407767
  },
  "6": {
    "loss": 0.4553791686747838,
    "f1-score": 0.9553797335350734,
    "auc": 0.9572809590666734,
    "accuracy": 0.9611650485436893,
    "precision": 0.9633560473577358,
    "recall": 0.9611650485436893
  },
  "7": {
    "loss": 0.4680307686907574,
    "f1-score": 0.9553797335350734,
    "auc": 0.9593350297574094,
    "accuracy": 0.9611650485436893,
    "precision": 0.9633560473577358,
    "recall": 0.9611650485436893
  },
  "8": {
    "loss": 0.46475997191031004,
    "f1-score": 0.9553797335350734,
    "auc": 0.9712901561115846,
    "accuracy": 0.9611650485436893,
    "precision": 0.9633560473577358,
    "recall": 0.9611650485436893
  },
  "9": {
    "loss": 0.4686233806378633,
    "f1-score": 0.9553797335350734,
    "auc": 0.9492075331361044,
    "accuracy": 0.9611650485436893,
    "precision": 0.9633560473577358,
    "recall": 0.9611650485436893
  },
  "10": {
    "loss": 0.48875873644375106,
    "f1-score": 0.9553144896040678,
    "auc": 0.9078412015912015,
    "accuracy": 0.9611650485436893,
    "precision": 0.9631190193476288,
    "recall": 0.9611650485436893
  },
  "11": {
    "loss": 0.4783286701128321,
    "f1-score": 0.960136674350703,
    "auc": 0.9408407711979141,
    "accuracy": 0.9660194174757282,
    "precision": 0.9675284930350359,
    "recall": 0.9660194174757282
  },
  "12": {
    "loss": 0.4688889326401127,
    "f1-score": 0.9649560795191864,
    "auc": 0.9451061567132997,
    "accuracy": 0.970873786407767,
    "precision": 0.9721401435204726,
    "recall": 0.970873786407767
  },
  "13": {
    "loss": 0.46637156808260577,
    "f1-score": 0.960136674350703,
    "auc": 0.9347116364973508,
    "accuracy": 0.9660194174757282,
    "precision": 0.9675284930350359,
    "recall": 0.9660194174757282
  },
  "14": {
    "loss": 0.46109737470312023,
    "f1-score": 0.960136674350703,
    "auc": 0.949874224874225,
    "accuracy": 0.9660194174757282,
    "precision": 0.9675284930350359,
    "recall": 0.9660194174757282
  },
  "15": {
    "loss": 0.45203465425852435,
    "f1-score": 0.960219107467207,
    "auc": 0.962632669775527,
    "accuracy": 0.9660194174757282,
    "precision": 0.9678298929237913,
    "recall": 0.9660194174757282
  },
  "16": {
    "loss": 0.44936387284288126,
    "f1-score": 0.960136674350703,
    "auc": 0.9640369845726988,
    "accuracy": 0.9660194174757282,
    "precision": 0.9675284930350359,
    "recall": 0.9660194174757282
  },
  "17": {
    "loss": 0.46866739548525765,
    "f1-score": 0.960136674350703,
    "auc": 0.9201162897591469,
    "accuracy": 0.9660194174757282,
    "precision": 0.9675284930350359,
    "recall": 0.9660194174757282
  }
}