loss,accuracy,precision,recall,f1-score,auc
0.6352618807791547,0.8741217798594848,0.88056492273567,0.8741217798594848,0.8676793432357545,0.9420342961141449
